playerID,birthYear,nameFirst,nameLast,weight,height,bats,throws,debut,finalGame
hawkila01,1972,LaTroy,Hawkins,220,77,R,R,4/29/1995,9/27/2014
giambja01,1971,Jason,Giambi,240,75,L,R,5/8/1995,9/27/2014
jeterde01,1974,Derek,Jeter,195,75,R,R,5/29/1995,9/28/2014
wrighja01,1974,Jamey,Wright,240,78,R,R,7/3/1996,9/27/2014
ibanera01,1972,Raul,Ibanez,225,74,L,R,8/1/1996,9/28/2014
abreubo01,1974,Bobby,Abreu,220,72,L,R,9/1/1996,9/28/2014
colonba01,1973,Bartolo,Colon,285,71,R,R,4/4/1997,9/28/2014
hunteto01,1975,Torii,Hunter,225,74,R,R,8/22/1997,9/28/2014
ortizda01,1975,David,Ortiz,230,76,L,L,9/2/1997,9/23/2014
konerpa01,1976,Paul,Konerko,220,74,R,R,9/8/1997,9/28/2014
ramirar01,1978,Aramis,Ramirez,205,73,R,R,5/26/1998,9/28/2014
beltrad01,1979,Adrian,Beltre,220,71,R,R,6/24/1998,9/28/2014
gonzaal02,1977,Alex,Gonzalez,210,73,R,R,8/25/1998,4/17/2014
chenbr01,1977,Bruce,Chen,215,74,L,L,9/7/1998,8/28/2014
chaveer01,1977,Eric,Chavez,215,73,L,R,9/8/1998,6/8/2014
pierzaj01,1976,A. J.,Pierzynski,235,75,L,R,9/9/1998,9/23/2014
beltrca01,1977,Carlos,Beltran,210,73,B,R,9/14/1998,9/19/2014
nathajo01,1974,Joe,Nathan,230,76,R,R,4/21/1999,9/28/2014
farnsky01,1976,Kyle,Farnsworth,230,76,R,R,4/29/1999,6/25/2014
hudsoti01,1975,Tim,Hudson,175,73,R,R,6/8/1999,9/24/2014
wolfra02,1976,Randy,Wolf,205,72,L,L,6/11/1999,6/14/2014
mcdonjo03,1974,John,McDonald,185,69,R,R,7/4/1999,9/28/2014
burneaj01,1977,A. J.,Burnett,225,76,R,R,8/17/1999,9/27/2014
carlybu01,1977,Buddy,Carlyle,210,75,L,R,8/29/1999,9/27/2014
molinjo01,1975,Jose,Molina,250,72,R,R,9/6/1999,9/28/2014
soriaal01,1976,Alfonso,Soriano,195,73,R,R,9/14/1999,7/5/2014
furcara01,1977,Rafael,Furcal,195,68,B,R,4/4/2000,6/21/2014
pennybr01,1978,Brad,Penny,230,76,R,R,4/7/2000,9/26/2014
downssc01,1976,Scott,Downs,215,74,L,L,4/9/2000,9/23/2014
grillja01,1976,Jason,Grilli,235,76,R,R,5/11/2000,9/27/2014
arroybr01,1977,Bronson,Arroyo,195,75,R,R,6/12/2000,6/15/2014
choatra01,1975,Randy,Choate,205,73,L,L,7/1/2000,9/27/2014
buehrma01,1979,Mark,Buehrle,240,74,L,L,7/16/2000,9/24/2014
vogelry01,1977,Ryan,Vogelsong,215,76,R,R,9/2/2000,9/26/2014
rolliji01,1978,Jimmy,Rollins,180,68,B,R,9/17/2000,9/8/2014
nadyxa01,1978,Xavier,Nady,215,74,R,R,9/30/2000,5/4/2014
pujolal01,1980,Albert,Pujols,230,75,R,R,4/2/2001,9/28/2014
suzukic01,1973,Ichiro,Suzuki,170,71,L,R,4/2/2001,9/28/2014
beimejo01,1977,Joe,Beimel,205,75,L,L,4/8/2001,9/28/2014
uribeju01,1979,Juan,Uribe,235,72,R,R,4/8/2001,9/26/2014
sabatcc01,1980,CC,Sabathia,285,79,L,L,4/8/2001,5/10/2014
dickera01,1974,R. A.,Dickey,215,75,R,R,4/22/2001,9/28/2014
chaveen01,1978,Endy,Chavez,170,71,L,L,5/29/2001,9/27/2014
roberbr01,1977,Brian,Roberts,175,69,B,R,6/14/2001,7/28/2014
lohseky01,1978,Kyle,Lohse,210,74,R,R,6/22/2001,9/24/2014
dunnad01,1979,Adam,Dunn,285,78,L,R,7/20/2001,9/28/2014
balfogr01,1977,Grant,Balfour,200,74,R,R,7/22/2001,9/27/2014
benoijo01,1977,Joaquin,Benoit,220,75,R,R,8/8/2001,9/26/2014
beckejo02,1980,Josh,Beckett,230,77,R,R,9/4/2001,8/3/2014
penaca01,1978,Carlos,Pena,225,74,L,L,9/5/2001,7/12/2014
puntoni01,1977,Nick,Punto,195,69,B,R,9/9/2001,9/27/2014
overbly01,1977,Lyle,Overbay,235,74,L,L,9/19/2001,9/28/2014
cuddymi01,1979,Michael,Cuddyer,220,74,R,R,9/23/2001,9/27/2014
lewisco01,1979,Colby,Lewis,240,76,R,R,4/1/2002,9/25/2014
affelje01,1979,Jeremy,Affeldt,225,76,L,L,4/6/2002,9/27/2014
ellisma01,1977,Mark,Ellis,190,70,R,R,4/9/2002,9/27/2014
bedarer01,1979,Erik,Bedard,200,73,L,L,4/17/2002,7/12/2014
soriara01,1979,Rafael,Soriano,230,76,R,R,5/10/2002,9/26/2014
laneja01,1976,Jason,Lane,225,74,R,L,5/10/2002,7/28/2014
santira01,1979,Ramon,Santiago,175,71,B,R,5/17/2002,9/27/2014
haranaa01,1978,Aaron,Harang,260,79,R,R,5/25/2002,9/27/2014
ludwiry01,1978,Ryan,Ludwick,215,74,R,L,6/5/2002,9/27/2014
perezol01,1981,Oliver,Perez,220,75,L,L,6/16/2002,9/26/2014
peavyja01,1981,Jake,Peavy,195,73,R,R,6/22/2002,9/27/2014
lackejo01,1978,John,Lackey,235,78,R,R,6/24/2002,9/24/2014
rossda01,1977,David,Ross,230,74,R,R,6/29/2002,9/28/2014
crawfca02,1981,Carl,Crawford,225,74,L,L,7/20/2002,9/28/2014
nievewi01,1977,Wil,Nieves,190,71,R,R,7/21/2002,9/27/2014
scutama01,1975,Marco,Scutaro,185,70,R,R,7/21/2002,7/24/2014
crispco01,1979,Coco,Crisp,185,70,B,R,8/15/2002,9/28/2014
figgich01,1978,Chone,Figgins,180,68,B,R,8/25/2002,6/13/2014
werthja01,1979,Jayson,Werth,240,77,R,R,9/1/2002,9/27/2014
bloomwi01,1977,Willie,Bloomquist,190,71,R,R,9/1/2002,7/23/2014
infanom01,1981,Omar,Infante,195,71,R,R,9/7/2002,9/28/2014
byrdma01,1977,Marlon,Byrd,245,72,R,R,9/8/2002,9/28/2014
martivi01,1978,Victor,Martinez,210,74,B,R,9/10/2002,9/28/2014
phillbr01,1981,Brandon,Phillips,200,72,R,R,9/13/2002,9/28/2014
leecl02,1978,Cliff,Lee,205,75,L,L,9/15/2002,7/31/2014
olivomi01,1978,Miguel,Olivo,230,72,R,R,9/15/2002,5/11/2014
rodrifr03,1982,Francisco,Rodriguez,195,72,R,R,9/18/2002,9/27/2014
teixema01,1980,Mark,Teixeira,215,75,B,R,4/1/2003,9/28/2014
lopezja02,1977,Javier,Lopez,220,76,L,L,4/1/2003,9/26/2014
victosh01,1980,Shane,Victorino,190,69,R,R,4/2/2003,7/30/2014
utleych01,1978,Chase,Utley,200,73,L,R,4/4/2003,9/28/2014
johnsre02,1976,Reed,Johnson,190,70,R,R,4/17/2003,9/28/2014
willije02,1981,Jerome,Williams,240,75,R,R,4/26/2003,9/26/2014
lairdge01,1979,Gerald,Laird,230,73,R,R,4/30/2003,9/28/2014
capuach01,1978,Chris,Capuano,215,75,L,L,5/4/2003,9/26/2014
morneju01,1981,Justin,Morneau,220,76,L,R,6/10/2003,9/28/2014
reyesjo01,1983,Jose,Reyes,195,72,B,R,6/10/2003,9/28/2014
peraljh01,1982,Jhonny,Peralta,215,74,R,R,6/12/2003,9/27/2014
cabremi01,1983,Miguel,Cabrera,240,76,R,R,6/20/2003,9/28/2014
harenda01,1980,Dan,Haren,215,77,R,R,6/30/2003,9/27/2014
rossco01,1980,Cody,Ross,195,70,R,L,7/4/2003,9/26/2014
correke01,1980,Kevin,Correia,200,75,R,R,7/10/2003,9/22/2014
greggke01,1978,Kevin,Gregg,245,78,R,R,8/9/2003,7/13/2014
dejesda01,1979,David,DeJesus,190,71,L,L,9/2/2003,9/27/2014
quinthu01,1979,Humberto,Quintero,215,69,R,R,9/3/2003,9/27/2014
barmecl01,1979,Clint,Barmes,200,73,R,R,9/5/2003,9/24/2014
hillko01,1979,Koyie,Hill,205,73,B,R,9/5/2003,7/20/2014
belisma01,1980,Matt,Belisle,225,76,R,R,9/7/2003,9/27/2014
jacksed01,1983,Edwin,Jackson,210,75,R,R,9/9/2003,9/27/2014
gomesjo01,1980,Jonny,Gomes,230,73,R,R,9/12/2003,9/28/2014
weeksri01,1982,Rickie,Weeks,220,70,R,R,9/15/2003,9/27/2014
bautijo02,1980,Jose,Bautista,205,72,R,R,4/4/2004,9/28/2014
mauerjo01,1983,Joe,Mauer,230,77,L,R,4/5/2004,9/28/2014
larocad01,1979,Adam,LaRoche,205,75,L,L,4/7/2004,9/28/2014
hollima01,1980,Matt,Holliday,250,76,R,R,4/16/2004,9/27/2014
blancan01,1984,Andres,Blanco,190,70,B,R,4/17/2004,9/27/2014
gonzaad01,1982,Adrian,Gonzalez,225,74,L,L,4/18/2004,9/28/2014
hairssc01,1980,Scott,Hairston,200,72,R,R,5/7/2004,9/28/2014
adamsmi03,1978,Mike,Adams,210,77,R,R,5/18/2004,9/18/2014
greinza01,1983,Zack,Greinke,195,74,R,R,5/22/2004,9/28/2014
germaju01,1982,Justin,Germano,210,74,R,R,5/22/2004,5/13/2014
hartco01,1982,Corey,Hart,230,78,R,R,5/25/2004,9/24/2014
riosal01,1981,Alex,Rios,210,77,R,R,5/27/2004,9/4/2014
burnese01,1982,Sean,Burnett,180,73,L,L,5/30/2004,5/27/2014
molinya01,1982,Yadier,Molina,220,71,R,R,6/3/2004,9/27/2014
guerrma02,1978,Matt,Guerrier,195,75,R,R,6/17/2004,7/22/2014
buckjo01,1980,John,Buck,245,75,R,R,6/25/2004,9/28/2014
willijo03,1979,Josh,Willingham,230,74,R,R,7/6/2004,9/28/2014
sizemgr01,1982,Grady,Sizemore,200,74,L,L,7/21/2004,9/28/2014
wrighda03,1982,David,Wright,205,72,R,R,7/21/2004,9/8/2014
quallch01,1978,Chad,Qualls,240,76,R,R,7/22/2004,9/26/2014
atchisc01,1976,Scott,Atchison,200,74,R,R,7/31/2004,9/23/2014
uptonbj01,1984,B. J.,Upton,185,75,R,R,8/2/2004,9/27/2014
bartlja01,1979,Jason,Bartlett,190,72,R,R,8/3/2004,4/6/2014
garcija01,1980,Santiago,Casilla,210,72,R,R,8/9/2004,9/27/2014
delarjo01,1981,Jorge,De La Rosa,215,73,L,L,8/14/2004,9/23/2014
kazmisc01,1984,Scott,Kazmir,185,72,L,L,8/23/2004,9/26/2014
youngch03,1979,Chris,Young,255,82,R,R,8/24/2004,9/20/2014
bellhe01,1977,Heath,Bell,250,75,R,R,8/24/2004,5/3/2014
francje01,1981,Jeff,Francis,220,77,L,L,8/25/2004,7/26/2014
izturma01,1980,Maicer,Izturis,155,68,B,R,8/27/2004,4/13/2014
guthrje01,1979,Jeremy,Guthrie,205,73,R,R,8/28/2004,9/26/2014
kubelja01,1982,Jason,Kubel,220,72,L,R,8/31/2004,6/6/2014
howarry01,1979,Ryan,Howard,250,76,L,L,9/1/2004,9/28/2014
swishni01,1980,Nick,Swisher,200,72,B,L,9/3/2004,8/9/2014
floydga01,1983,Gavin,Floyd,235,76,R,R,9/3/2004,6/19/2014
quirogu01,1981,Guillermo,Quiroz,230,73,R,R,9/4/2004,9/13/2014
navardi01,1984,Dioner,Navarro,205,69,B,R,9/7/2004,9/27/2014
dobbsgr01,1978,Greg,Dobbs,205,73,L,R,9/8/2004,6/24/2014
raburry01,1981,Ryan,Raburn,185,72,R,R,9/12/2004,9/13/2014
grandcu01,1981,Curtis,Granderson,200,73,L,R,9/13/2004,9/28/2014
murphdo01,1983,Donnie,Murphy,190,70,R,R,9/18/2004,7/4/2014
leagubr01,1983,Brandon,League,215,74,R,R,9/21/2004,9/27/2014
riverre01,1983,Rene,Rivera,215,70,R,R,9/22/2004,9/28/2014
hardyjj01,1982,J. J.,Hardy,190,73,R,R,4/4/2005,9/28/2014
bakerje03,1981,Jeff,Baker,220,74,R,R,4/4/2005,9/25/2014
streehu01,1983,Huston,Street,195,72,R,R,4/6/2005,9/24/2014
choosh01,1982,Shin-Soo,Choo,205,71,L,L,4/21/2005,8/23/2014
cedenro02,1983,Ronny,Cedeno,195,72,R,R,4/23/2005,6/28/2014
canoro01,1982,Robinson,Cano,210,72,L,R,5/3/2005,9/28/2014
bakersc02,1981,Scott,Baker,215,76,R,R,5/7/2005,9/27/2014
nunezle01,1982,Juan Carlos,Oviedo,195,74,R,R,5/9/2005,7/19/2014
staufti01,1982,Tim,Stauffer,210,73,R,R,5/11/2005,9/28/2014
santaer01,1982,Ervin,Santana,185,74,R,R,5/17/2005,9/26/2014
hillaa01,1982,Aaron,Hill,205,71,R,R,5/20/2005,9/22/2014
mccarbr01,1983,Brandon,McCarthy,200,79,R,R,5/22/2005,9/23/2014
penabr01,1982,Brayan,Pena,230,69,B,R,5/23/2005,9/27/2014
rodriwa01,1979,Wandy,Rodriguez,195,71,B,L,5/23/2005,5/21/2014
peraljo01,1976,Joel,Peralta,210,71,R,R,5/25/2005,9/27/2014
johnsda06,1979,Dan,Johnson,210,74,L,R,5/27/2005,9/21/2014
johnske05,1982,Kelly,Johnson,200,73,L,R,5/29/2005,9/27/2014
morsemi01,1982,Mike,Morse,245,77,R,R,5/31/2005,9/19/2014
doumiry01,1981,Ryan,Doumit,220,73,B,R,6/5/2005,9/28/2014
martean01,1983,Andy,Marte,205,73,R,R,6/7/2005,8/6/2014
schumsk01,1980,Skip,Schumaker,195,70,L,R,6/8/2005,9/11/2014
mccanbr01,1984,Brian,McCann,230,75,L,R,6/10/2005,9/28/2014
wilsocj01,1980,C. J.,Wilson,210,73,L,L,6/10/2005,9/27/2014
howeljp01,1983,J. P.,Howell,185,72,L,L,6/11/2005,9/26/2014
boyerbl01,1981,Blaine,Boyer,225,75,R,R,6/12/2005,9/28/2014
fieldpr01,1984,Prince,Fielder,275,71,L,R,6/13/2005,5/16/2014
hillri01,1980,Rich,Hill,220,77,L,L,6/15/2005,9/23/2014
encared01,1983,Edwin,Encarnacion,230,73,R,R,6/24/2005,9/28/2014
mclouna01,1981,Nate,McLouth,190,70,L,R,6/29/2005,8/1/2014
dukeza01,1983,Zach,Duke,210,74,L,L,7/2/2005,9/28/2014
verlaju01,1983,Justin,Verlander,225,77,R,R,7/4/2005,9/24/2014
whiteel03,1979,Eli,Whiteside,220,74,R,R,7/5/2005,6/21/2014
cabreme01,1984,Melky,Cabrera,210,70,B,L,7/7/2005,9/5/2014
francje02,1984,Jeff,Francoeur,220,76,R,R,7/7/2005,8/10/2014
vargaja01,1983,Jason,Vargas,215,72,L,L,7/14/2005,9/24/2014
evelada01,1983,Dana,Eveland,235,73,L,L,7/16/2005,9/6/2014
breslcr01,1980,Craig,Breslow,190,73,L,L,7/23/2005,9/28/2014
broxtjo01,1984,Jonathan,Broxton,295,76,R,R,7/29/2005,9/27/2014
mcgowdu01,1982,Dustin,McGowan,240,75,R,R,7/30/2005,9/25/2014
quintom01,1981,Omar,Quintanilla,185,69,L,R,7/31/2005,5/7/2014
hernafe02,1986,Felix,Hernandez,225,75,R,R,8/4/2005,9/28/2014
mathije01,1983,Jeff,Mathis,205,72,R,R,8/12/2005,9/27/2014
saundjo01,1981,Joe,Saunders,215,75,L,L,8/16/2005,9/26/2014
cainma01,1984,Matt,Cain,230,75,R,R,8/29/2005,7/9/2014
volqued01,1983,Edinson,Volquez,220,72,R,R,8/30/2005,9/25/2014
maholpa01,1982,Paul,Maholm,245,74,L,L,8/30/2005,8/1/2014
feldmsc01,1983,Scott,Feldman,230,79,L,R,8/31/2005,9/24/2014
zimmery01,1984,Ryan,Zimmerman,220,75,R,R,9/1/2005,9/28/2014
liriafr01,1983,Francisco,Liriano,215,74,L,L,9/5/2005,9/27/2014
denorch01,1980,Chris,Denorfia,195,72,R,R,9/7/2005,9/27/2014
wilsojo03,1981,Josh,Wilson,175,72,R,R,9/7/2005,5/7/2014
wainwad01,1981,Adam,Wainwright,235,79,R,R,9/11/2005,9/22/2014
cruzne02,1980,Nelson,Cruz,230,74,R,R,9/17/2005,9/28/2014
ramirha01,1983,Hanley,Ramirez,225,74,R,R,9/20/2005,9/27/2014
gorzeto01,1982,Tom,Gorzelanny,210,75,R,L,9/20/2005,9/26/2014
sotoge01,1983,Geovany,Soto,235,73,R,R,9/23/2005,9/28/2014
kinslia01,1982,Ian,Kinsler,200,72,R,R,4/3/2006,9/28/2014
markani01,1983,Nick,Markakis,190,73,L,L,4/3/2006,9/28/2014
paganan01,1981,Angel,Pagan,200,74,B,R,4/3/2006,9/19/2014
ugglada01,1980,Dan,Uggla,210,71,R,R,4/3/2006,7/29/2014
loneyja01,1984,James,Loney,235,75,L,L,4/4/2006,9/28/2014
nolasri01,1982,Ricky,Nolasco,225,74,R,R,4/5/2006,9/27/2014
marshse01,1982,Sean,Marshall,225,79,L,L,4/9/2006,6/10/2014
hammeja01,1982,Jason,Hammel,225,78,R,R,4/11/2006,9/25/2014
ramirra02,1981,Ramon,Ramirez,200,71,R,R,4/14/2006,6/30/2014
carmofa01,1980,Roberto,Hernandez,230,76,R,R,4/15/2006,9/26/2014
ishiktr01,1983,Travis,Ishikawa,220,75,L,L,4/18/2006,9/28/2014
wilsobr01,1982,Brian,Wilson,205,73,R,R,4/23/2006,9/27/2014
pradoma01,1983,Martin,Prado,190,73,R,R,4/23/2006,9/15/2014
kendrho01,1983,Howie,Kendrick,210,70,R,R,4/26/2006,9/28/2014
frandke01,1982,Kevin,Frandsen,190,72,R,R,4/28/2006,9/28/2014
ethiean01,1982,Andre,Ethier,200,74,L,L,5/2/2006,9/27/2014
napolmi01,1981,Mike,Napoli,220,72,R,R,5/4/2006,9/17/2014
martiru01,1983,Russell,Martin,215,70,R,R,5/5/2006,9/26/2014
ruizca01,1979,Carlos,Ruiz,205,70,R,R,5/6/2006,9/28/2014
hamelco01,1983,Cole,Hamels,195,75,L,L,5/12/2006,9/28/2014
petityu01,1984,Yusmeiro,Petit,250,73,R,R,5/14/2006,9/25/2014
aybarer01,1984,Erick,Aybar,180,70,B,R,5/16/2006,9/28/2014
moralke01,1983,Kendrys,Morales,220,73,B,R,5/23/2006,9/28/2014
villaca01,1983,Carlos,Villanueva,215,74,R,R,5/23/2006,9/22/2014
hannaja01,1980,Jack,Hannahan,210,74,L,R,5/25/2006,9/27/2014
weaveje02,1982,Jered,Weaver,210,79,R,R,5/27/2006,9/26/2014
kempma01,1984,Matt,Kemp,215,76,R,R,5/28/2006,9/28/2014
shielja02,1981,James,Shields,215,75,R,R,5/31/2006,9/25/2014
marmoca01,1982,Carlos,Marmol,235,73,R,R,6/4/2006,5/10/2014
lestejo01,1984,Jon,Lester,240,76,L,L,6/10/2006,9/24/2014
mujiced01,1984,Edward,Mujica,225,75,R,R,6/21/2006,9/21/2014
sanchan01,1984,Anibal,Sanchez,205,72,R,R,6/25/2006,9/26/2014
masseni01,1982,Nick,Masset,235,77,R,R,6/27/2006,9/28/2014
pelfrmi01,1984,Mike,Pelfrey,250,79,R,R,7/8/2006,5/1/2014
jonesad01,1985,Adam,Jones,225,75,R,R,7/14/2006,9/28/2014
drewst01,1983,Stephen,Drew,190,72,L,R,7/15/2006,9/28/2014
gwynnto02,1982,Tony,Gwynn,190,72,L,R,7/15/2006,9/28/2014
quentca01,1982,Carlos,Quentin,235,73,R,R,7/20/2006,7/26/2014
alberma01,1983,Matt,Albers,225,73,L,R,7/25/2006,4/21/2014
johnsji04,1983,Jim,Johnson,240,78,R,R,7/29/2006,9/27/2014
bournmi01,1982,Michael,Bourn,180,70,L,R,7/30/2006,9/27/2014
roberry01,1980,Ryan,Roberts,185,71,R,R,7/30/2006,4/17/2014
zobribe01,1981,Ben,Zobrist,210,75,B,R,8/1/2006,9/27/2014
callaal01,1983,Alberto,Callaspo,225,69,B,R,8/6/2006,9/28/2014
garzama01,1983,Matt,Garza,215,76,R,R,8/11/2006,9/20/2014
davisra01,1980,Rajai,Davis,195,69,R,R,8/14/2006,9/27/2014
youngch04,1983,Chris,Young,200,74,R,R,8/18/2006,9/28/2014
pedrodu01,1983,Dustin,Pedroia,165,68,R,R,8/22/2006,9/8/2014
iannech01,1983,Chris,Iannetta,230,72,R,R,8/27/2006,9/27/2014
youngde03,1985,Delmon,Young,240,75,R,R,8/29/2006,9/27/2014
millean01,1985,Andrew,Miller,210,79,L,L,8/30/2006,9/28/2014
tulowtr01,1984,Troy,Tulowitzki,215,75,R,R,8/30/2006,7/19/2014
casilal01,1984,Alexi,Casilla,170,69,B,R,9/1/2006,9/27/2014
sweenry01,1985,Ryan,Sweeney,225,76,L,L,9/1/2006,8/26/2014
lindad01,1983,Adam,Lind,195,74,L,L,9/2/2006,9/28/2014
murphda07,1981,David,Murphy,210,75,L,L,9/2/2006,9/28/2014
kouzmke01,1981,Kevin,Kouzmanoff,210,73,R,R,9/2/2006,4/22/2014
stulter01,1979,Eric,Stults,220,74,L,L,9/5/2006,9/27/2014
stewach01,1982,Chris,Stewart,210,76,R,R,9/6/2006,9/28/2014
montemi01,1983,Miguel,Montero,210,71,L,R,9/6/2006,9/27/2014
jimence01,1984,Cesar,Jimenez,210,71,L,L,9/11/2006,9/21/2014
ariasjo01,1984,Joaquin,Arias,165,73,R,R,9/13/2006,9/28/2014
perkigl01,1983,Glen,Perkins,205,72,L,L,9/21/2006,9/16/2014
jimenub01,1984,Ubaldo,Jimenez,210,77,R,R,9/26/2006,9/28/2014
deazaal01,1984,Alejandro,De Aza,195,72,L,L,4/2/2007,9/28/2014
gordoal01,1984,Alex,Gordon,220,73,L,R,4/2/2007,9/28/2014
kellydo01,1980,Don,Kelly,190,76,L,R,4/2/2007,9/28/2014
hamiljo03,1981,Josh,Hamilton,240,76,L,L,4/2/2007,9/16/2014
morrobr01,1984,Brandon,Morrow,210,75,R,R,4/3/2007,9/25/2014
matsuda01,1980,Daisuke,Matsuzaka,205,72,R,R,4/5/2007,9/25/2014
danksjo01,1985,John,Danks,210,73,L,L,4/8/2007,9/27/2014
hugheph01,1986,Phil,Hughes,240,77,R,R,4/26/2007,9/24/2014
pencehu01,1983,Hunter,Pence,220,76,R,R,4/28/2007,9/28/2014
butlebi03,1986,Billy,Butler,240,73,R,R,5/1/2007,9/28/2014
saltaja01,1985,Jarrod,Saltalamacchia,235,75,B,R,5/2/2007,9/28/2014
linceti01,1984,Tim,Lincecum,170,71,L,R,5/6/2007,9/28/2014
gomezca01,1985,Carlos,Gomez,220,75,R,R,5/13/2007,9/27/2014
jonesga02,1981,Garrett,Jones,235,77,L,L,5/15/2007,9/28/2014
reynoma01,1983,Mark,Reynolds,220,74,R,R,5/16/2007,9/24/2014
clippty01,1985,Tyler,Clippard,200,75,R,R,5/20/2007,9/27/2014
abreuto01,1984,Tony,Abreu,200,70,B,R,5/22/2007,7/28/2014
braunry02,1983,Ryan,Braun,200,74,R,R,5/25/2007,9/28/2014
sloweke01,1984,Kevin,Slowey,205,75,R,R,6/1/2007,6/14/2014
ryanbr01,1982,Brendan,Ryan,195,74,R,R,6/2/2007,9/28/2014
escobyu01,1982,Yunel,Escobar,215,74,R,R,6/2/2007,9/23/2014
baileho02,1986,Homer,Bailey,230,76,R,R,6/8/2007,8/7/2014
schiena01,1984,Nate,Schierholtz,215,74,L,R,6/11/2007,9/28/2014
suzukku01,1983,Kurt,Suzuki,230,71,R,R,6/12/2007,9/28/2014
kendrky01,1984,Kyle,Kendrick,210,75,R,R,6/13/2007,9/24/2014
headlch01,1984,Chase,Headley,220,74,B,R,6/15/2007,9/28/2014
gallayo01,1986,Yovani,Gallardo,210,74,R,R,6/18/2007,9/25/2014
rowlary01,1983,Ryan,Rowland-Smith,250,75,L,L,6/22/2007,4/14/2014
happja01,1982,J. A.,Happ,205,77,L,L,6/30/2007,9/27/2014
ellsbja01,1983,Jacoby,Ellsbury,195,73,L,L,6/30/2007,9/19/2014
parrama01,1982,Manny,Parra,215,75,L,L,7/20/2007,9/17/2014
lannajo01,1984,John,Lannan,235,76,L,L,7/26/2007,4/13/2014
uptonju01,1987,Justin,Upton,205,74,R,R,8/2/2007,9/27/2014
mossbr01,1983,Brandon,Moss,210,72,L,R,8/6/2007,9/28/2014
chambjo03,1985,Joba,Chamberlain,250,74,R,R,8/7/2007,9/28/2014
cabreas01,1985,Asdrubal,Cabrera,205,72,B,R,8/8/2007,9/28/2014
stewaia01,1985,Ian,Stewart,215,75,L,R,8/11/2007,5/11/2014
jurrjja01,1986,Jair,Jurrjens,200,73,R,R,8/15/2007,7/9/2014
buchhcl01,1984,Clay,Buchholz,190,75,L,R,8/17/2007,9/28/2014
maybica01,1987,Cameron,Maybin,205,75,R,R,8/17/2007,9/28/2014
moralfr01,1986,Franklin,Morales,210,73,L,L,8/18/2007,9/27/2014
gutieju01,1983,J. C.,Gutierrez,245,75,R,R,8/19/2007,9/26/2014
pattotr01,1985,Troy,Patton,180,73,B,L,8/25/2007,6/13/2014
bucknbi02,1983,Billy,Buckner,205,74,R,R,8/25/2007,5/24/2014
pearcst01,1983,Steve,Pearce,210,71,R,R,9/1/2007,9/28/2014
kenneia01,1984,Ian,Kennedy,190,72,R,R,9/1/2007,9/26/2014
morgany01,1980,Nyjer,Morgan,180,70,L,L,9/1/2007,5/14/2014
bonifem01,1985,Emilio,Bonifacio,205,71,B,R,9/2/2007,9/28/2014
vottojo01,1983,Joey,Votto,220,74,L,R,9/4/2007,7/5/2014
fuldsa01,1981,Sam,Fuld,175,70,L,L,9/5/2007,9/28/2014
maxweju01,1983,Justin,Maxwell,225,77,R,R,9/5/2007,6/28/2014
paulife01,1983,Felipe,Paulino,270,75,R,R,9/5/2007,4/18/2014
detwiro01,1986,Ross,Detwiler,210,77,R,L,9/7/2007,9/26/2014
hanigry01,1980,Ryan,Hanigan,210,72,R,R,9/9/2007,9/27/2014
bartoda02,1985,Daric,Barton,205,72,L,R,9/10/2007,5/13/2014
smithse01,1982,Seth,Smith,210,75,L,L,9/16/2007,9/28/2014
blevije01,1983,Jerry,Blevins,185,78,L,L,9/16/2007,9/27/2014
ruggiju01,1982,Justin,Ruggiano,210,73,R,R,9/19/2007,8/22/2014
blancgr01,1983,Gregor,Blanco,175,71,L,L,3/30/2008,9/28/2014
odayda01,1982,Darren,O'Day,220,76,R,R,3/31/2008,9/28/2014
ramiral03,1981,Alexei,Ramirez,180,74,R,R,3/31/2008,9/27/2014
wrighwe01,1985,Wesley,Wright,185,71,R,L,3/31/2008,9/20/2014
nixja01,1982,Jayson,Nix,195,71,R,R,4/1/2008,9/28/2014
cuetojo01,1986,Johnny,Cueto,215,71,R,R,4/3/2008,9/28/2014
kurodhi01,1975,Hiroki,Kuroda,205,73,R,R,4/4/2008,9/25/2014
johnsel02,1984,Elliot,Johnson,190,73,B,R,4/5/2008,5/2/2014
spande01,1984,Denard,Span,210,72,L,L,4/6/2008,9/28/2014
badenbu01,1983,Burke,Badenhop,220,77,R,R,4/9/2008,9/28/2014
longoev01,1985,Evan,Longoria,210,74,R,R,4/12/2008,9/28/2014
lowrije01,1984,Jed,Lowrie,190,72,B,R,4/15/2008,9/28/2014
rodrise01,1985,Sean,Rodriguez,200,72,R,R,4/19/2008,9/28/2014
masteju01,1985,Justin,Masterson,250,78,R,R,4/24/2008,9/28/2014
wilsobo02,1983,Bobby,Wilson,220,72,R,R,4/28/2008,9/24/2014
getzch01,1983,Chris,Getz,185,72,L,R,4/28/2008,5/10/2014
scherma01,1984,Max,Scherzer,220,75,R,R,4/29/2008,9/25/2014
herrejo03,1984,Jonathan,Herrera,180,69,B,R,4/30/2008,7/5/2014
joycema01,1984,Matthew,Joyce,200,74,L,R,5/5/2008,9/27/2014
perezch01,1985,Chris,Perez,230,76,R,R,5/16/2008,9/21/2014
petitgr01,1984,Gregorio,Petit,195,70,R,R,5/18/2008,9/28/2014
evansni01,1986,Nick,Evans,220,74,R,R,5/24/2008,7/27/2014
kershcl01,1988,Clayton,Kershaw,225,75,L,L,5/25/2008,9/24/2014
bruceja01,1987,Jay,Bruce,215,75,L,L,5/27/2008,9/28/2014
avilemi01,1981,Mike,Aviles,205,70,R,R,5/29/2008,9/27/2014
gonzaca01,1985,Carlos,Gonzalez,220,73,L,L,5/30/2008,8/8/2014
zieglbr01,1979,Brad,Ziegler,210,76,R,R,5/31/2008,9/4/2014
mortoch02,1983,Charlie,Morton,235,77,R,R,6/14/2008,9/16/2014
bernido01,1980,Doug,Bernier,185,73,R,R,6/17/2008,9/27/2014
romose01,1983,Sergio,Romo,185,70,R,R,6/26/2008,9/25/2014
davisch02,1986,Chris,Davis,230,75,L,R,6/26/2008,9/10/2014
bernaro01,1984,Roger,Bernadina,200,74,L,L,6/29/2008,9/28/2014
gardnbr01,1983,Brett,Gardner,185,70,L,L,6/30/2008,9/28/2014
hundlni01,1983,Nick,Hundley,200,73,R,R,7/4/2008,9/28/2014
brignre01,1986,Reid,Brignac,215,75,L,R,7/4/2008,8/16/2014
harrima01,1985,Matt,Harrison,240,76,L,L,7/8/2008,5/13/2014
bakerjo01,1981,John,Baker,215,73,L,R,7/9/2008,9/28/2014
garcija02,1986,Jaime,Garcia,215,74,L,L,7/11/2008,6/20/2014
herreyo01,1981,Yoslan,Herrera,200,74,R,R,7/12/2008,9/28/2014
teagata01,1983,Taylor,Teagarden,210,72,R,R,7/18/2008,6/21/2014
conrabr01,1980,Brooks,Conrad,190,70,B,R,7/21/2008,7/27/2014
samarje01,1985,Jeff,Samardzija,225,77,R,R,7/25/2008,9/27/2014
hunteto02,1986,Tommy,Hunter,260,75,R,R,8/1/2008,9/28/2014
murphda08,1985,Daniel,Murphy,215,73,L,R,8/2/2008,9/28/2014
gonzagi01,1985,Gio,Gonzalez,205,72,R,L,8/6/2008,9/25/2014
rosalad01,1983,Adam,Rosales,195,73,R,R,8/9/2008,9/28/2014
pennicl01,1984,Cliff,Pennington,195,70,B,R,8/12/2008,9/28/2014
dickech01,1982,Chris,Dickerson,230,76,L,L,8/12/2008,9/5/2014
sandopa01,1986,Pablo,Sandoval,245,71,B,R,8/14/2008,9/28/2014
estrama01,1983,Marco,Estrada,200,72,R,R,8/20/2008,9/26/2014
chaveje01,1983,Jesse,Chavez,160,74,R,R,8/27/2008,9/17/2014
snidetr01,1988,Travis,Snider,235,72,L,L,8/29/2008,9/28/2014
venabwi01,1982,Will,Venable,205,75,L,L,8/29/2008,9/28/2014
elbersc01,1985,Scott,Elbert,225,74,L,L,8/29/2008,9/27/2014
aceveal01,1982,Alfredo,Aceves,205,74,R,R,8/31/2008,6/2/2014
cokeph01,1982,Phil,Coke,210,73,L,L,9/1/2008,9/27/2014
mcgehca01,1982,Casey,McGehee,220,73,R,R,9/2/2008,9/28/2014
valbulu01,1985,Luis,Valbuena,200,70,L,R,9/2/2008,9/28/2014
fowlede01,1986,Dexter,Fowler,190,76,B,R,9/2/2008,9/27/2014
niesejo01,1986,Jonathon,Niese,220,75,L,L,9/2/2008,9/26/2014
outmajo01,1984,Josh,Outman,205,73,L,L,9/2/2008,9/19/2014
escobal02,1986,Alcides,Escobar,185,73,R,R,9/3/2008,9/28/2014
leblawa01,1984,Wade,LeBlanc,215,75,L,L,9/3/2008,9/28/2014
motteja01,1982,Jason,Motte,205,72,R,R,9/3/2008,9/27/2014
pridija01,1983,Jason,Pridie,205,73,L,R,9/3/2008,8/5/2014
simonal01,1981,Alfredo,Simon,265,78,R,R,9/6/2008,9/27/2014
jasojo01,1983,John,Jaso,205,74,L,R,9/6/2008,8/23/2014
bourgja01,1982,Jason,Bourgeois,190,69,R,R,9/9/2008,9/28/2014
gillaco01,1987,Conor,Gillaspie,195,73,L,R,9/9/2008,9/26/2014
kottage01,1983,George,Kottaras,200,72,L,R,9/13/2008,9/28/2014
priceda01,1985,David,Price,210,78,L,L,9/14/2008,9/28/2014
ellisaj01,1981,A. J.,Ellis,220,75,R,R,9/15/2008,9/28/2014
parnebo01,1984,Bobby,Parnell,205,75,R,R,9/15/2008,3/31/2014
sanchga01,1983,Gaby,Sanchez,235,73,R,R,9/17/2008,9/28/2014
cervefr01,1986,Francisco,Cervelli,205,73,R,R,9/18/2008,9/28/2014
schafjo02,1986,Jordan,Schafer,205,73,L,L,4/5/2009,9/23/2014
andruel01,1988,Elvis,Andrus,200,72,R,R,4/6/2009,9/28/2014
freesda01,1983,David,Freese,225,74,R,R,4/6/2009,9/28/2014
penara02,1985,Ramiro,Pena,200,71,B,R,4/6/2009,9/26/2014
gregelu01,1984,Luke,Gregerson,200,75,L,R,4/6/2009,9/25/2014
belisro01,1982,Ronald,Belisario,240,75,R,R,4/7/2009,9/27/2014
cahiltr01,1988,Trevor,Cahill,220,76,R,R,4/7/2009,9/26/2014
rasmuco01,1986,Colby,Rasmus,195,74,L,L,4/7/2009,9/18/2014
ueharko01,1975,Koji,Uehara,195,74,R,R,4/8/2009,9/25/2014
cabreev01,1986,Everth,Cabrera,190,70,B,R,4/8/2009,8/9/2014
porceri01,1988,Rick,Porcello,200,77,R,R,4/9/2009,9/26/2014
duensbr01,1983,Brian,Duensing,205,72,L,L,4/10/2009,9/27/2014
anderbr04,1988,Brett,Anderson,225,76,L,L,4/10/2009,8/5/2014
zimmejo02,1986,Jordan,Zimmermann,220,74,R,R,4/20/2009,9/28/2014
hollade01,1986,Derek,Holland,210,74,B,L,4/22/2009,9/28/2014
rodrife02,1984,Fernando,Rodriguez,235,75,R,R,5/2/2009,9/16/2014
cecilbr01,1986,Brett,Cecil,220,75,R,L,5/5/2009,9/28/2014
corpoca01,1984,Carlos,Corporan,245,74,B,R,5/6/2009,9/26/2014
paulxa01,1985,Xavier,Paul,205,69,L,R,5/7/2009,8/27/2014
robinsh01,1984,Shane,Robinson,165,69,R,R,5/7/2009,8/25/2014
coghlch01,1985,Chris,Coghlan,195,72,L,R,5/8/2009,9/28/2014
parrage01,1987,Gerardo,Parra,200,71,L,L,5/13/2009,9/28/2014
reimono01,1983,Nolan,Reimold,205,76,R,R,5/14/2009,9/19/2014
huffda01,1984,David,Huff,215,74,B,L,5/17/2009,9/24/2014
stammcr01,1984,Craig,Stammen,225,76,R,R,5/21/2009,9/26/2014
guzmaje01,1984,Jesus,Guzman,200,73,R,R,5/21/2009,9/24/2014
thayeda01,1980,Dale,Thayer,210,72,R,R,5/22/2009,9/27/2014
hayesbr01,1984,Brett,Hayes,215,72,R,R,5/22/2009,7/27/2014
maybejo02,1983,John,Mayberry,230,78,R,R,5/23/2009,9/28/2014
swarzan01,1985,Anthony,Swarzak,210,76,R,R,5/23/2009,9/26/2014
lerouch01,1984,Chris,Leroux,225,78,L,R,5/26/2009,5/2/2014
wietema01,1986,Matt,Wieters,240,77,B,R,5/29/2009,5/10/2014
bastaan01,1985,Antonio,Bastardo,200,71,R,L,6/2/2009,9/27/2014
mazzavi01,1986,Vin,Mazzaro,220,74,R,R,6/2/2009,5/25/2014
gimench01,1982,Chris,Gimenez,220,74,R,R,6/3/2009,9/23/2014
beckhgo01,1986,Gordon,Beckham,185,72,R,R,6/4/2009,9/28/2014
mccutan01,1986,Andrew,McCutchen,190,70,R,R,6/4/2009,9/28/2014
osullse01,1987,Sean,O'Sullivan,240,73,R,R,6/16/2009,9/10/2014
carpmi01,1986,Mike,Carp,210,74,L,R,6/17/2009,8/28/2014
millsbr02,1985,Brad,Mills,185,72,R,L,6/18/2009,8/11/2014
blankky01,1986,Kyle,Blanks,265,78,R,R,6/19/2009,6/22/2014
figaral01,1984,Alfredo,Figaro,190,72,R,R,6/20/2009,9/7/2014
lobatjo01,1984,Jose,Lobaton,215,72,B,R,7/5/2009,9/26/2014
rzepcma01,1985,Marc,Rzepczynski,220,74,L,L,7/7/2009,9/27/2014
webbry01,1986,Ryan,Webb,245,78,R,R,7/8/2009,9/26/2014
latosma01,1987,Mat,Latos,245,78,R,R,7/19/2009,9/7/2014
torreca01,1982,Carlos,Torres,180,73,R,R,7/22/2009,9/28/2014
saundmi01,1986,Michael,Saunders,225,76,L,R,7/25/2009,9/28/2014
chacijh01,1988,Jhoulys,Chacin,215,75,R,R,7/25/2009,6/28/2014
tillmch01,1988,Chris,Tillman,210,77,R,R,7/29/2009,9/26/2014
norribu01,1985,Bud,Norris,220,72,R,R,7/29/2009,9/24/2014
reddijo01,1987,Josh,Reddick,180,74,L,R,7/31/2009,9/28/2014
felizne01,1988,Neftali,Feliz,225,75,R,R,8/3/2009,9/27/2014
matusbr01,1987,Brian,Matusz,200,76,L,L,8/4/2009,9/25/2014
avilaal01,1987,Alex,Avila,210,71,L,R,8/6/2009,9/28/2014
fistedo01,1984,Doug,Fister,210,80,L,R,8/8/2009,9/26/2014
belltr01,1986,Trevor,Bell,205,74,L,R,8/12/2009,4/7/2014
manshje01,1985,Jeff,Manship,210,74,R,R,8/15/2009,7/22/2014
stubbdr01,1984,Drew,Stubbs,205,76,R,R,8/19/2009,9/28/2014
younger03,1985,Eric,Young,195,70,B,R,8/25/2009,9/28/2014
lopezwi01,1983,Wilton,Lopez,200,72,R,R,8/28/2009,4/8/2014
mccutda01,1982,Daniel,McCutchen,215,74,R,R,8/31/2009,4/4/2014
walkene01,1985,Neil,Walker,210,75,B,R,9/1/2009,9/28/2014
brantmi02,1987,Michael,Brantley,200,74,L,L,9/1/2009,9/27/2014
carraca01,1987,Carlos,Carrasco,210,75,R,R,9/1/2009,9/27/2014
tholejo01,1986,Josh,Thole,205,73,L,R,9/3/2009,9/28/2014
flowety01,1986,Tyler,Flowers,245,76,R,R,9/3/2009,9/24/2014
dunnmi01,1985,Mike,Dunn,210,72,L,L,9/4/2009,9/25/2014
hudsoda01,1987,Daniel,Hudson,225,75,R,R,9/4/2009,9/13/2014
daviswa01,1985,Wade,Davis,220,77,R,R,9/6/2009,9/26/2014
gentrcr01,1983,Craig,Gentry,190,74,R,R,9/6/2009,9/9/2014
turneju01,1984,Justin,Turner,210,72,R,R,9/8/2009,9/28/2014
bumgama01,1989,Madison,Bumgarner,235,77,R,L,9/8/2009,9/23/2014
johnsch05,1984,Chris,Johnson,225,75,R,R,9/9/2009,9/28/2014
desmoia01,1985,Ian,Desmond,215,75,R,R,9/10/2009,9/28/2014
poseybu01,1987,Buster,Posey,215,73,R,R,9/11/2009,9/28/2014
rogeres01,1985,Esmil,Rogers,200,75,R,R,9/12/2009,9/28/2014
francju02,1987,Juan,Francisco,245,74,L,R,9/14/2009,9/28/2014
axforjo01,1983,John,Axford,220,77,R,R,9/15/2009,9/27/2014
ramosce01,1984,Cesar,Ramos,200,74,L,L,9/16/2009,9/25/2014
mooread01,1984,Adam,Moore,220,75,R,R,9/17/2009,9/25/2014
colvity01,1985,Tyler,Colvin,210,75,L,L,9/21/2009,7/30/2014
rodrihe03,1987,Henry,Rodriguez,225,73,R,R,9/21/2009,5/12/2014
frierer01,1985,Ernesto,Frieri,205,74,R,R,9/26/2009,8/2/2014
pagnoma01,1982,Matt,Pagnozzi,215,74,R,R,9/29/2009,9/7/2014
jacksau01,1987,Austin,Jackson,185,73,R,R,4/5/2010,9/28/2014
russeja02,1986,James,Russell,200,76,L,L,4/5/2010,9/28/2014
heywaja01,1989,Jason,Heyward,245,77,L,L,4/5/2010,9/27/2014
ondrulo01,1985,Logan,Ondrusek,230,80,R,R,4/5/2010,9/14/2014
sizemsc01,1985,Scott,Sizemore,185,72,R,R,4/5/2010,6/3/2014
mejiaje01,1989,Jenrry,Mejia,205,72,R,R,4/7/2010,9/28/2014
tejadru01,1989,Ruben,Tejada,200,71,R,R,4/7/2010,9/28/2014
rossty01,1987,Tyson,Ross,225,77,R,R,4/7/2010,9/13/2014
craigal01,1984,Allen,Craig,215,74,R,R,4/8/2010,9/28/2014
santose01,1983,Sergio,Santos,215,75,R,R,4/8/2010,8/26/2014
buterdr01,1983,Drew,Butera,200,73,R,R,4/9/2010,9/28/2014
leakemi01,1987,Mike,Leake,190,70,R,R,4/11/2010,9/26/2014
valdera02,1977,Raul,Valdes,190,71,L,L,4/11/2010,5/3/2014
anderbr05,1986,Bryan,Anderson,200,73,L,R,4/15/2010,9/18/2014
davisik02,1987,Ike,Davis,220,76,L,L,4/19/2010,9/28/2014
gilleco01,1984,Cole,Gillespie,215,73,R,R,4/21/2010,7/6/2014
boescbr01,1985,Brennan,Boesch,235,76,L,L,4/23/2010,9/28/2014
smoakju01,1986,Justin,Smoak,230,76,B,L,4/23/2010,9/22/2014
jayjo02,1985,Jon,Jay,195,71,L,L,4/26/2010,9/27/2014
tollest01,1983,Steven,Tolleson,185,71,R,R,4/28/2010,9/28/2014
donaljo02,1985,Josh,Donaldson,220,72,R,R,4/30/2010,9/28/2014
ramoswi01,1987,Wilson,Ramos,235,72,R,R,5/2/2010,9/28/2014
heisech01,1984,Chris,Heisey,210,73,R,R,5/3/2010,9/28/2014
hicksbr01,1985,Brandon,Hicks,215,74,R,R,5/5/2010,7/10/2014
castrst01,1990,Starlin,Castro,190,72,R,R,5/7/2010,9/2/2014
woodbl01,1985,Blake,Wood,240,77,R,R,5/12/2010,4/19/2014
novaiv01,1987,Ivan,Nova,225,76,R,R,5/13/2010,4/19/2014
worthda01,1985,Danny,Worth,185,73,R,R,5/16/2010,6/1/2014
storedr01,1987,Drew,Storen,195,73,B,R,5/17/2010,9/27/2014
lucrojo01,1986,Jonathan,Lucroy,195,72,R,R,5/21/2010,9/28/2014
plouftr01,1986,Trevor,Plouffe,205,74,R,R,5/21/2010,9/24/2014
lecursa01,1984,Sam,LeCure,205,72,R,R,5/28/2010,9/27/2014
salasfe01,1985,Fernando,Salas,210,74,R,R,5/28/2010,9/27/2014
ottavad01,1985,Adam,Ottavino,230,77,B,R,5/29/2010,9/23/2014
cashnan01,1986,Andrew,Cashner,220,78,R,R,5/31/2010,9/25/2014
valenda01,1984,Danny,Valencia,220,74,R,R,6/3/2010,9/28/2014
strasst01,1988,Stephen,Strasburg,230,76,R,R,6/8/2010,9/27/2014
stantmi03,1989,Giancarlo,Stanton,240,78,R,R,6/8/2010,9/11/2014
tabatjo01,1988,Jose,Tabata,210,71,R,R,6/9/2010,9/27/2014
lincobr01,1985,Brad,Lincoln,225,72,L,R,6/9/2010,4/8/2014
arrieja01,1986,Jake,Arrieta,225,76,R,R,6/10/2010,9/24/2014
santaca01,1986,Carlos,Santana,210,71,B,R,6/11/2010,9/28/2014
navada01,1983,Daniel,Nava,200,71,B,L,6/12/2010,9/28/2014
ogandal01,1983,Alexi,Ogando,200,76,R,R,6/15/2010,6/3/2014
alvarpe01,1987,Pedro,Alvarez,235,75,L,R,6/16/2010,9/5/2014
doubrfe01,1987,Felix,Doubront,225,74,L,L,6/18/2010,9/20/2014
nelsoch01,1985,Chris,Nelson,205,71,R,R,6/19/2010,8/29/2014
vicieda01,1989,Dayan,Viciedo,240,71,R,R,6/20/2010,9/28/2014
castrja01,1987,Jason,Castro,215,75,L,R,6/22/2010,9/27/2014
schlibr01,1985,Brian,Schlitter,240,77,R,R,6/28/2010,9/27/2014
woodtr01,1987,Travis,Wood,175,71,R,L,7/1/2010,9/22/2014
cainlo01,1986,Lorenzo,Cain,205,74,R,R,7/16/2010,9/28/2014
kratzer01,1980,Erik,Kratz,240,76,R,R,7/17/2010,9/28/2014
gomezje01,1988,Jeanmar,Gomez,220,75,R,R,7/18/2010,9/24/2014
janseke01,1987,Kenley,Jansen,265,77,B,R,7/24/2010,9/28/2014
worleva01,1987,Vance,Worley,230,74,R,R,7/24/2010,9/26/2014
morrilo01,1987,Logan,Morrison,245,75,L,L,7/27/2010,9/28/2014
tomlijo01,1984,Josh,Tomlin,190,73,R,R,7/27/2010,9/19/2014
browndo01,1987,Domonic,Brown,230,77,L,L,7/28/2010,9/28/2014
abadfe01,1985,Fernando,Abad,220,73,L,L,7/28/2010,9/27/2014
morelmi01,1985,Mitch,Moreland,230,74,L,L,7/29/2010,6/7/2014
harrelu01,1985,Lucas,Harrell,205,74,B,R,7/30/2010,4/15/2014
kalisry01,1988,Ryan,Kalish,215,72,L,L,7/31/2010,9/27/2014
colemca01,1987,Casey,Coleman,185,72,L,R,8/2/2010,9/28/2014
hellije01,1987,Jeremy,Hellickson,190,73,R,R,8/2/2010,9/25/2014
bourjpe01,1987,Peter,Bourjos,185,73,R,R,8/3/2010,9/28/2014
salech01,1989,Chris,Sale,180,78,L,L,8/6/2010,9/24/2014
arencjp01,1986,J. P.,Arencibia,205,72,R,R,8/7/2010,9/23/2014
cartech02,1986,Chris,Carter,250,76,R,R,8/9/2010,9/27/2014
minormi01,1987,Mike,Minor,210,76,R,L,8/9/2010,9/20/2014
castiwe01,1987,Welington,Castillo,210,70,R,R,8/11/2010,9/27/2014
barneda01,1985,Darwin,Barney,185,70,R,R,8/12/2010,9/28/2014
nunezed02,1987,Eduardo,Nunez,185,72,R,R,8/19/2010,9/25/2014
valaich01,1985,Chris,Valaika,205,71,R,R,8/24/2010,9/28/2014
dedunsa01,1983,Sam,Deduno,190,75,R,R,8/27/2010,9/27/2014
chapmar01,1988,Aroldis,Chapman,205,76,L,L,8/31/2010,9/28/2014
dudalu01,1986,Lucas,Duda,255,76,L,R,9/1/2010,9/28/2014
espinda01,1987,Danny,Espinosa,205,72,B,R,9/1/2010,9/28/2014
freemfr01,1989,Freddie,Freeman,225,77,L,R,9/1/2010,9/28/2014
jennide01,1986,Desmond,Jennings,200,74,R,R,9/1/2010,8/28/2014
alonsyo01,1987,Yonder,Alonso,230,73,L,R,9/1/2010,8/12/2014
baxtemi01,1984,Mike,Baxter,205,72,L,R,9/6/2010,4/2/2014
dysonja01,1984,Jarrod,Dyson,160,70,L,R,9/7/2010,9/28/2014
reverbe01,1988,Ben,Revere,165,69,L,R,9/7/2010,9/28/2014
geedi01,1986,Dillon,Gee,205,73,R,R,9/7/2010,9/25/2014
morelbr01,1987,Brent,Morel,225,73,R,R,9/7/2010,9/25/2014
snydebr02,1982,Brad,Snyder,220,75,L,L,9/7/2010,6/22/2014
preslal01,1985,Alex,Presley,190,70,L,L,9/8/2010,9/28/2014
mckenmi01,1985,Michael,McKenry,205,70,R,R,9/8/2010,9/27/2014
ciriape01,1985,Pedro,Ciriaco,180,72,R,R,9/8/2010,6/29/2014
kintzbr01,1984,Brandon,Kintzler,190,70,R,R,9/10/2010,9/26/2014
congeha01,1988,Hank,Conger,220,74,B,R,9/11/2010,9/28/2014
trumbma01,1986,Mark,Trumbo,235,76,R,R,9/11/2010,9/28/2014
sogarer01,1986,Eric,Sogard,190,70,L,R,9/14/2010,9/28/2014
drabeky01,1987,Kyle,Drabek,205,74,R,R,9/15/2010,8/22/2014
descada01,1986,Daniel,Descalso,190,70,L,R,9/18/2010,9/28/2014
hatchch02,1985,Chris,Hatcher,205,73,B,R,9/19/2010,9/26/2014
rominan01,1985,Andrew,Romine,200,73,B,R,9/24/2010,9/28/2014
varvaan01,1984,Anthony,Varvaro,190,72,R,R,9/24/2010,9/28/2014
cishest01,1986,Steve,Cishek,215,78,R,R,9/26/2010,9/25/2014
beltbr01,1988,Brandon,Belt,220,77,L,L,3/31/2011,9/28/2014
colliti01,1989,Tim,Collins,170,67,L,L,3/31/2011,9/28/2014
adcocna01,1988,Nathan,Adcock,235,76,R,R,3/31/2011,8/13/2014
brittza01,1987,Zach,Britton,195,75,L,L,4/3/2011,9/28/2014
martimi02,1982,Michael,Martinez,175,69,B,R,4/3/2011,8/17/2014
pinedmi01,1989,Michael,Pineda,265,79,R,R,4/5/2011,9/28/2014
chatwty01,1989,Tyler,Chatwood,185,72,R,R,4/11/2011,4/29/2014
collmjo01,1986,Josh,Collmenter,235,76,R,R,4/17/2011,9/28/2014
sandsje01,1987,Jerry,Sands,220,76,R,R,4/18/2011,6/22/2014
pegueca01,1987,Carlos,Peguero,250,77,L,L,4/19/2011,9/28/2014
colemlo01,1986,Louis,Coleman,205,76,R,R,4/21/2011,9/28/2014
amarial01,1989,Alexi,Amarista,150,66,L,R,4/26/2011,9/28/2014
cobbal01,1987,Alex,Cobb,200,75,R,R,5/1/2011,9/28/2014
gomesbr01,1984,Brandon,Gomes,195,71,R,R,5/3/2011,9/28/2014
forsylo01,1987,Logan,Forsythe,195,73,R,R,5/4/2011,9/28/2014
guyerbr01,1986,Brandon,Guyer,195,74,R,R,5/6/2011,9/28/2014
hosmeer01,1989,Eric,Hosmer,225,76,L,L,5/6/2011,9/28/2014
teherju01,1991,Julio,Teheran,200,74,R,R,5/7/2011,9/24/2014
campato01,1986,Tony,Campana,165,68,L,L,5/17/2011,9/28/2014
kozmape01,1988,Pete,Kozma,190,72,R,R,5/18/2011,9/28/2014
duffyda01,1988,Danny,Duffy,205,75,L,L,5/18/2011,9/27/2014
noesihe01,1987,Hector,Noesi,205,75,R,R,5/18/2011,9/26/2014
carreez01,1987,Ezequiel,Carrera,185,70,L,L,5/20/2011,9/28/2014
frazito01,1986,Todd,Frazier,220,75,R,R,5/23/2011,9/28/2014
cruzto03,1986,Tony,Cruz,215,71,R,R,5/24/2011,9/28/2014
delarru01,1989,Rubby,De La Rosa,205,73,R,R,5/24/2011,9/27/2014
crawfbr01,1987,Brandon,Crawford,215,74,L,R,5/27/2011,9/28/2014
nicasju01,1986,Juan,Nicasio,210,75,R,R,5/28/2011,9/27/2014
lemahdj01,1988,DJ,LeMahieu,205,76,R,R,5/30/2011,9/26/2014
harrijo05,1987,Josh,Harrison,200,68,R,R,5/31/2011,9/28/2014
lylesjo01,1990,Jordan,Lyles,215,76,R,R,5/31/2011,9/26/2014
lindbjo01,1987,Josh,Lindblom,240,76,R,R,6/1/2011,4/2/2014
lynnla01,1987,Lance,Lynn,240,77,R,R,6/2/2011,9/27/2014
cletoma01,1989,Maikel,Cleto,250,75,R,R,6/2/2011,9/26/2014
carpema01,1985,Matt,Carpenter,215,75,L,R,6/4/2011,9/27/2014
brothre01,1987,Rex,Brothers,210,72,L,L,6/6/2011,9/28/2014
gordode01,1988,Dee,Gordon,170,71,L,R,6/6/2011,9/27/2014
blackch02,1986,Charlie,Blackmon,210,75,L,L,6/7/2011,9/28/2014
weeksje01,1987,Jemile,Weeks,165,69,B,R,6/7/2011,9/28/2014
handbr01,1990,Brad,Hand,220,75,L,L,6/7/2011,9/24/2014
watsoto01,1985,Tony,Watson,225,76,L,L,6/8/2011,9/28/2014
phelpco01,1987,Cord,Phelps,210,73,B,R,6/8/2011,8/23/2014
rizzoan01,1989,Anthony,Rizzo,240,75,L,L,6/9/2011,9/28/2014
moustmi01,1988,Mike,Moustakas,195,72,L,R,6/10/2011,9/28/2014
brownan02,1984,Andrew,Brown,200,72,R,R,6/12/2011,6/15/2014
bassan01,1987,Anthony,Bass,200,74,R,R,6/13/2011,7/24/2014
matthry01,1983,Ryan,Mattheus,220,75,R,R,6/14/2011,9/26/2014
ackledu01,1988,Dustin,Ackley,195,73,L,R,6/17/2011,9/28/2014
delgara01,1990,Randall,Delgado,200,75,R,R,6/17/2011,9/27/2014
darnach01,1987,Chase,d'Arnaud,205,73,R,R,6/24/2011,9/26/2014
fryerer01,1985,Eric,Fryer,215,74,R,R,6/26/2011,9/27/2014
chiselo01,1988,Lonnie,Chisenhall,190,74,L,R,6/27/2011,9/28/2014
carpeda01,1985,David,Carpenter,230,74,R,R,6/30/2011,9/28/2014
beavabl01,1989,Blake,Beavan,245,79,R,R,7/3/2011,4/15/2014
santihe01,1987,Hector,Santiago,210,72,R,L,7/6/2011,9/28/2014
cozarza01,1985,Zack,Cozart,195,72,R,R,7/7/2011,9/28/2014
mcallza01,1987,Zach,McAllister,240,78,R,R,7/7/2011,9/28/2014
seageky01,1987,Kyle,Seager,210,72,L,R,7/7/2011,9/28/2014
troutmi01,1991,Mike,Trout,230,74,R,R,7/8/2011,9/28/2014
sanchhe01,1989,Hector,Sanchez,235,72,B,R,7/15/2011,7/25/2014
torreal01,1987,Alex,Torres,175,70,L,L,7/18/2011,9/28/2014
chiriro01,1984,Robinson,Chirinos,205,73,R,R,7/18/2011,9/27/2014
altuvjo01,1990,Jose,Altuve,175,66,R,R,7/20/2011,9/28/2014
kipnija01,1987,Jason,Kipnis,190,71,L,R,7/22/2011,9/26/2014
cowgico01,1986,Collin,Cowgill,185,69,R,L,7/26/2011,9/27/2014
constjo01,1983,Jose,Constanza,185,69,L,L,7/29/2011,9/26/2014
martijd02,1987,J. D.,Martinez,220,75,R,R,7/30/2011,9/28/2014
turneja01,1991,Jacob,Turner,215,77,R,R,7/30/2011,9/28/2014
paredji01,1988,Jimmy,Paredes,200,75,B,R,8/1/2011,9/27/2014
goldspa01,1987,Paul,Goldschmidt,245,75,R,R,8/1/2011,8/1/2014
giavojo01,1987,Johnny,Giavotella,185,68,R,R,8/5/2011,9/28/2014
shuckja01,1987,J. B.,Shuck,195,71,L,L,8/5/2011,9/28/2014
lawribr01,1990,Brett,Lawrie,210,72,R,R,8/5/2011,8/5/2014
eovalna01,1990,Nathan,Eovaldi,215,74,R,R,8/6/2011,9/27/2014
alvarhe01,1990,Henderson,Alvarez,205,72,R,R,8/10/2011,9/28/2014
perezsa02,1990,Salvador,Perez,240,75,R,R,8/10/2011,9/28/2014
richaga01,1988,Garrett,Richards,210,75,R,R,8/10/2011,8/20/2014
selleju01,1986,Justin,Sellers,160,70,R,R,8/12/2011,9/22/2014
lavarry01,1987,Ryan,Lavarnway,240,76,R,R,8/18/2011,9/28/2014
mileywa01,1986,Wade,Miley,220,72,L,L,8/20/2011,9/27/2014
mastrda01,1985,Darin,Mastroianni,190,71,R,R,8/24/2011,7/21/2014
reckean01,1983,Anthony,Recker,240,74,R,R,8/25/2011,9/27/2014
parrian01,1985,Andy,Parrino,190,72,B,R,8/26/2011,9/11/2014
surkaer01,1987,Eric,Surkamp,220,77,L,L,8/27/2011,9/27/2014
brachbr01,1986,Brad,Brach,215,78,R,R,8/31/2011,9/27/2014
klubeco01,1986,Corey,Kluber,215,76,R,R,9/1/2011,9/26/2014
monteje01,1989,Jesus,Montero,235,75,R,R,9/1/2011,7/24/2014
escobed01,1989,Eduardo,Escobar,175,70,B,R,9/2/2011,9/28/2014
martile01,1988,Leonys,Martin,190,74,L,R,9/2/2011,9/28/2014
navaref01,1986,Efren,Navarro,210,72,L,L,9/2/2011,9/28/2014
schaflo01,1986,Logan,Schafer,195,73,L,L,9/2/2011,9/28/2014
taylomi01,1985,Michael,Taylor,255,77,R,R,9/2/2011,9/28/2014
stinsjo01,1988,Josh,Stinson,210,76,R,R,9/2/2011,6/13/2014
maldoma01,1986,Martin,Maldonado,230,72,R,R,9/3/2011,9/28/2014
mesorde01,1988,Devin,Mesoraco,220,73,R,R,9/3/2011,9/28/2014
milonto01,1987,Tommy,Milone,205,72,L,L,9/3/2011,9/27/2014
richaan01,1983,Antoan,Richardson,165,68,B,R,9/4/2011,9/28/2014
satinjo01,1984,Josh,Satin,215,74,R,R,9/4/2011,9/25/2014
dominma01,1989,Matt,Dominguez,215,73,R,R,9/6/2011,9/28/2014
hendrli01,1989,Liam,Hendriks,205,73,R,R,9/6/2011,9/28/2014
pachejo01,1986,Jordan,Pacheco,205,73,R,R,9/6/2011,9/28/2014
rosarwi01,1989,Wilin,Rosario,220,71,R,R,9/6/2011,9/28/2014
parmech01,1988,Chris,Parmelee,220,73,L,L,9/6/2011,9/27/2014
peacobr01,1988,Brad,Peacock,210,73,R,R,9/6/2011,9/26/2014
brownco01,1985,Corey,Brown,210,73,L,L,9/6/2011,8/16/2014
lombast02,1988,Steve,Lombardozzi,200,72,B,R,9/6/2011,5/24/2014
axelrdy01,1985,Dylan,Axelrod,195,72,R,R,9/7/2011,9/27/2014
hugheja02,1985,Jared,Hughes,245,79,R,R,9/7/2011,9/27/2014
kontoge01,1985,George,Kontos,215,75,R,R,9/10/2011,9/28/2014
lockeje01,1987,Jeff,Locke,185,72,L,L,9/10/2011,9/24/2014
floripe01,1986,Pedro,Florimon,180,74,B,R,9/10/2011,6/29/2014
rominau01,1988,Austin,Romine,215,72,R,R,9/11/2011,9/28/2014
federti01,1987,Tim,Federowicz,215,70,R,R,9/11/2011,9/27/2014
pomerdr01,1988,Drew,Pomeranz,240,77,R,L,9/11/2011,9/20/2014
fiersmi01,1985,Mike,Fiers,190,74,R,R,9/14/2011,9/28/2014
moorema02,1989,Matt,Moore,200,75,L,L,9/14/2011,4/7/2014
gomezhe01,1988,Hector,Gomez,200,75,R,R,9/16/2011,9/28/2014
cedenxa01,1986,Xavier,Cedeno,205,72,L,L,9/16/2011,9/26/2014
defraju01,1987,Justin,De Fratus,225,76,B,R,9/18/2011,9/27/2014
saverjo01,1985,Joe,Savery,235,75,L,L,9/20/2011,5/18/2014
clevest01,1986,Steve,Clevenger,195,72,L,R,9/26/2011,9/27/2014
cespeyo01,1985,Yoenis,Cespedes,210,70,R,R,3/28/2012,9/28/2014
galvifr01,1989,Freddy,Galvis,185,70,B,R,4/5/2012,9/28/2014
pastoty01,1989,Tyler,Pastornicky,180,71,R,R,4/5/2012,7/25/2014
aokino01,1982,Nori,Aoki,180,69,L,R,4/6/2012,9/28/2014
vogtst01,1984,Stephen,Vogt,215,72,L,R,4/6/2012,9/28/2014
gonzama01,1989,Marwin,Gonzalez,205,73,B,R,4/6/2012,9/27/2014
flahery01,1986,Ryan,Flaherty,210,75,L,R,4/7/2012,9/28/2014
kawasmu01,1981,Munenori,Kawasaki,175,71,L,R,4/7/2012,9/28/2014
oteroda01,1985,Dan,Otero,215,75,R,R,4/7/2012,9/27/2014
nieuwki01,1987,Kirk,Nieuwenhuis,225,75,L,R,4/7/2012,9/25/2014
haguema01,1985,Matt,Hague,220,75,R,R,4/7/2012,7/12/2014
phelpda01,1986,David,Phelps,200,74,R,R,4/8/2012,9/28/2014
rossro01,1989,Robbie,Ross,215,71,L,L,4/8/2012,9/26/2014
ramirer02,1990,Erasmo,Ramirez,200,71,R,R,4/9/2012,9/23/2014
darviyu01,1986,Yu,Darvish,215,77,R,R,4/9/2012,8/9/2014
chenwe02,1985,Wei-Yin,Chen,195,72,L,L,4/10/2012,9/27/2014
smylydr01,1989,Drew,Smyly,190,75,L,L,4/12/2012,9/6/2014
wielajo01,1990,Joe,Wieland,210,75,R,R,4/14/2012,9/24/2014
polloaj01,1987,A. J.,Pollock,195,73,R,R,4/18/2012,9/28/2014
iwakuhi01,1981,Hisashi,Iwakuma,210,75,R,R,4/20/2012,9/26/2014
hutchdr01,1990,Drew,Hutchison,195,75,L,R,4/21/2012,9/26/2014
peralwi01,1989,Wily,Peralta,245,73,R,R,4/22/2012,9/27/2014
valdejo02,1987,Jordany,Valdespin,190,72,L,R,4/23/2012,9/27/2014
harpebr03,1992,Bryce,Harper,225,75,L,R,4/28/2012,9/28/2014
moorety01,1987,Tyler,Moore,220,74,R,R,4/29/2012,9/28/2014
jennida01,1987,Dan,Jennings,210,75,L,L,4/30/2012,9/26/2014
middlwi01,1988,Will,Middlebrooks,220,75,R,R,5/2/2012,9/21/2014
mikolmi01,1988,Miles,Mikolas,220,77,R,R,5/5/2012,8/25/2014
faluir01,1983,Irving,Falu,180,70,B,R,5/6/2012,7/12/2014
doziebr01,1987,Brian,Dozier,190,71,R,R,5/7/2012,9/28/2014
quintjo01,1989,Jose,Quintana,220,73,R,L,5/7/2012,9/25/2014
vanslsc01,1986,Scott,Van Slyke,220,77,R,R,5/9/2012,9/28/2014
friedch01,1987,Christian,Friedrich,215,76,R,L,5/9/2012,9/27/2014
culbech01,1989,Charlie,Culberson,200,72,R,R,5/13/2012,9/28/2014
leonsa01,1989,Sandy,Leon,220,70,B,R,5/14/2012,9/17/2014
herreel01,1985,Elian,Herrera,195,70,B,R,5/15/2012,9/28/2014
gomesya01,1987,Yan,Gomes,215,74,R,R,5/17/2012,9/27/2014
adamsma01,1988,Matt,Adams,260,75,L,R,5/20/2012,9/28/2014
solando01,1987,Donovan,Solano,205,69,R,R,5/21/2012,9/28/2014
calhoko01,1987,Kole,Calhoun,200,70,L,L,5/22/2012,9/28/2014
berryqu01,1984,Quintin,Berry,175,72,L,L,5/23/2012,9/23/2014
gonzami03,1984,Miguel,Gonzalez,170,73,R,R,5/29/2012,9/28/2014
mercejo03,1986,Jordy,Mercer,205,75,R,R,5/29/2012,9/28/2014
grandya01,1988,Yasmani,Grandal,225,74,B,R,6/2/2012,9/28/2014
simmoan01,1989,Andrelton,Simmons,195,74,R,R,6/2/2012,9/27/2014
doolise01,1986,Sean,Doolittle,210,75,L,L,6/5/2012,9/26/2014
holadbr01,1987,Bryan,Holaday,205,72,R,R,6/6/2012,9/27/2014
danksjo02,1986,Jordan,Danks,215,76,L,R,6/7/2012,9/28/2014
negrokr01,1986,Kristopher,Negron,195,72,R,R,6/7/2012,9/28/2014
robincl01,1985,Clint,Robinson,225,77,L,L,6/8/2012,7/6/2014
perezhe01,1991,Hernan,Perez,185,73,R,R,6/9/2012,9/27/2014
rosenbj01,1985,B. J.,Rosenberg,220,75,R,R,6/9/2012,7/4/2014
kellyjo05,1988,Joe,Kelly,175,73,R,R,6/10/2012,9/27/2014
boxbebr01,1988,Brad,Boxberger,220,74,R,R,6/10/2012,9/23/2014
grimmju01,1988,Justin,Grimm,210,75,R,R,6/16/2012,9/28/2014
keuchda01,1988,Dallas,Keuchel,210,75,L,L,6/17/2012,9/20/2014
thornty01,1988,Tyler,Thornburg,190,71,R,R,6/19/2012,6/6/2014
archech01,1988,Chris,Archer,190,75,R,R,6/20/2012,9/26/2014
norride01,1989,Derek,Norris,210,72,R,R,6/21/2012,9/26/2014
vinceni01,1986,Nick,Vincent,180,71,R,R,6/26/2012,9/28/2014
perezma02,1991,Martin,Perez,190,72,L,L,6/27/2012,5/10/2014
bauertr01,1991,Trevor,Bauer,190,73,R,R,6/28/2012,9/24/2014
dysonsa01,1988,Sam,Dyson,205,73,R,R,7/5/2012,9/26/2014
rutlejo01,1989,Josh,Rutledge,190,73,R,R,7/13/2012,9/28/2014
edginjo01,1986,Josh,Edgin,245,73,R,L,7/13/2012,9/23/2014
biancje01,1986,Jeff,Bianchi,185,71,R,R,7/13/2012,7/12/2014
avilalu01,1989,Luis,Avilan,220,74,L,L,7/14/2012,9/28/2014
loupaa01,1987,Aaron,Loup,205,71,L,L,7/14/2012,9/25/2014
gosean01,1990,Anthony,Gose,190,73,L,L,7/17/2012,9/28/2014
fifest01,1986,Stephen,Fife,220,75,R,R,7/17/2012,5/4/2014
rosentr01,1990,Trevor,Rosenthal,220,74,R,R,7/18/2012,9/26/2014
hernape02,1989,Pedro,Hernandez,210,70,L,L,7/18/2012,7/31/201
wheelry01,1988,Ryan,Wheeler,235,75,L,R,7/20/2012,7/4/2014
segurje01,1990,Jean,Segura,205,70,R,R,7/24/2012,9/28/2014
martest01,1988,Starling,Marte,185,73,R,R,7/26/2012,9/28/2014
sierrmo01,1988,Moises,Sierra,220,73,R,R,7/31/2012,9/28/2014
oltmi01,1988,Mike,Olt,210,74,R,R,8/2/2012,9/26/2014
hechaad01,1989,Adeiny,Hechavarria,185,71,R,R,8/4/2012,9/28/2014
mcbrima02,1985,Matt,McBride,215,74,R,R,8/4/2012,9/28/2014
jacksbr01,1988,Brett,Jackson,220,74,L,R,8/5/2012,9/26/2014
barnebr02,1986,Brandon,Barnes,210,74,R,R,8/7/2012,9/28/2014
jenkich01,1987,Chad,Jenkins,235,76,R,R,8/7/2012,8/15/2014
machama01,1992,Manny,Machado,180,74,R,R,8/9/2012,8/11/2014
elmorja01,1987,Jake,Elmore,185,69,R,R,8/11/2012,9/17/2014
redmoto01,1985,Todd,Redmond,240,75,R,R,8/18/2012,9/25/2014
wilsoju10,1987,Justin,Wilson,205,74,L,L,8/20/2012,9/28/2014
rusinch01,1986,Chris,Rusin,195,74,L,L,8/21/2012,8/9/2014
skaggty01,1991,Tyler,Skaggs,215,76,L,L,8/22/2012,7/31/2014
mchugco01,1987,Collin,McHugh,195,74,R,R,8/23/2012,9/21/2014
aumonph01,1989,Phillippe,Aumont,260,79,L,R,8/23/2012,8/2/2014
garciav01,1991,Avisail,Garcia,240,76,R,R,8/31/2012,9/28/2014
perezeu01,1990,Eury,Perez,190,72,R,R,9/1/2012,9/28/2014
loughda01,1986,David,Lough,180,71,L,L,9/1/2012,9/27/2014
holtbr01,1988,Brock,Holt,185,68,L,R,9/1/2012,9/5/2014
machije01,1982,Jean,Machi,255,72,R,R,9/3/2012,9/25/2014
eatonad02,1988,Adam,Eaton,185,68,L,L,9/4/2012,9/28/2014
familje01,1989,Jeurys,Familia,240,75,R,R,9/4/2012,9/28/2014
gregodi01,1990,Didi,Gregorius,205,74,L,R,9/5/2012,9/28/2014
villape01,1987,Pedro,Villarreal,230,73,R,R,9/5/2012,9/26/2014
koehlto01,1986,Tom,Koehler,235,74,R,R,9/5/2012,9/25/2014
millesh01,1990,Shelby,Miller,215,75,R,R,9/5/2012,9/23/2014
triunca01,1990,Carlos,Triunfel,195,71,R,R,9/7/2012,8/17/2014
rodrist02,1991,Paco,Rodriguez,220,75,L,L,9/9/2012,9/27/2014
cingrto01,1989,Tony,Cingrani,215,76,L,L,9/9/2012,6/19/2014
scahiro01,1987,Rob,Scahill,220,74,L,R,9/11/2012,9/28/2014
rufda01,1986,Darin,Ruf,240,75,R,R,9/14/2012,9/27/2014
morribr01,1987,Bryan,Morris,225,75,L,R,9/14/2012,9/9/2014
herrmch01,1987,Chris,Herrmann,200,72,L,R,9/16/2012,9/28/2014
solisal01,1987,Ali,Solis,175,72,R,R,9/16/2012,6/8/2014
odorija01,1990,Jake,Odorizzi,185,74,R,R,9/23/2012,9/24/2014
hoeslj01,1990,L. J.,Hoes,200,72,R,R,9/25/2012,9/28/2014
gyorkje01,1988,Jedd,Gyorko,210,70,R,R,4/1/2013,9/28/2014
hicksaa01,1989,Aaron,Hicks,190,74,B,R,4/1/2013,9/28/2014
daviskh01,1987,Khris,Davis,190,71,R,R,4/1/2013,9/26/2014
bradlja02,1990,Jackie,Bradley,195,70,L,R,4/1/2013,9/25/2014
marteal01,1989,Alfredo,Marte,195,71,R,R,4/2/2013,9/19/2014
ryuhy01,1987,Hyun-jin,Ryu,255,74,R,L,4/2/2013,9/12/2014
gattiev01,1986,Evan,Gattis,260,76,R,R,4/3/2013,9/28/2014
freimna01,1986,Nate,Freiman,250,80,R,R,4/3/2013,9/27/2014
maurebr01,1990,Brandon,Maurer,220,77,R,R,4/4/2013,9/28/2014
garcile02,1991,Leury,Garcia,170,68,B,R,4/6/2013,9/28/2014
fernajo02,1992,Jose,Fernandez,225,74,R,R,4/7/2013,5/9/2014
tepesni01,1988,Nick,Tepesch,225,76,R,R,4/9/2013,9/26/2014
jimenlu02,1988,Luis,Jimenez,205,73,R,R,4/12/2013,9/28/2014
irwinph01,1987,Phil,Irwin,210,75,R,R,4/14/2013,7/8/2014
arciaos01,1991,Oswaldo,Arcia,220,72,L,R,4/15/2013,9/28/2014
rendoan01,1990,Anthony,Rendon,200,73,R,R,4/21/2013,9/28/2014
cisnejo01,1989,Jose,Cisnero,245,75,R,R,4/22/2013,5/6/2014
pettijo02,1990,Jonathan,Pettibone,225,78,L,R,4/22/2013,4/18/2014
lagarju01,1989,Juan,Lagares,215,73,R,R,4/23/2013,9/16/2014
grossro01,1989,Robbie,Grossman,195,72,B,L,4/24/2013,9/28/2014
arenano01,1991,Nolan,Arenado,205,74,R,R,4/28/2013,9/14/2014
lutzdo01,1989,Donald,Lutz,250,75,L,R,4/29/2013,9/24/2014
nunovi01,1987,Vidal,Nuno,195,71,L,L,4/29/2013,9/24/2014
erlinro01,1990,Robbie,Erlin,190,72,R,L,4/30/2013,9/28/2014
ozunama01,1990,Marcell,Ozuna,230,73,R,R,4/30/2013,9/21/2014
martica04,1991,Carlos,Martinez,185,72,R,R,5/3/2013,9/28/2014
manesse01,1988,Seth,Maness,190,72,R,R,5/3/2013,9/27/2014
dietrde01,1989,Derek,Dietrich,205,72,L,R,5/8/2013,7/1/2014
sotone01,1989,Neftali,Soto,215,73,R,R,5/18/2013,7/19/2014
lyonsty01,1988,Tyler,Lyons,200,76,B,L,5/22/2013,9/23/2014
colabch01,1983,Chris,Colabello,220,76,R,R,5/22/2013,8/7/2014
gausmke01,1991,Kevin,Gausman,190,75,L,R,5/23/2013,9/25/2014
sucreje01,1988,Jesus,Sucre,225,72,R,R,5/24/2013,9/27/2014
koberje01,1988,Jeff,Kobernus,195,74,R,R,5/25/2013,9/28/2014
frankni01,1991,Nick,Franklin,195,73,B,R,5/27/2013,9/28/2014
karnsna01,1987,Nate,Karns,230,75,R,R,5/28/2013,9/21/2014
kickhmi01,1988,Mike,Kickham,220,76,L,L,5/28/2013,9/13/2014
hernace02,1990,Cesar,Hernandez,166,70,B,R,5/29/2013,9/27/2014
colomal01,1988,Alex,Colome,210,74,R,R,5/30/2013,9/27/2014
lucased01,1982,Ed,Lucas,215,75,R,R,5/30/2013,9/26/2014
wachami01,1991,Michael,Wacha,210,78,R,R,5/30/2013,9/26/2014
woodal02,1991,Alex,Wood,215,76,R,L,5/30/2013,9/23/2014
gennesc01,1990,Scooter,Gennett,170,70,L,R,6/3/2013,9/28/2014
puigya01,1990,Yasiel,Puig,235,75,R,R,6/3/2013,9/28/2014
krolia01,1991,Ian,Krol,210,73,L,L,6/5/2013,8/22/2014
siegrke01,1989,Kevin,Siegrist,215,77,L,L,6/6/2013,9/28/2014
perezju02,1986,Juan,Perez,185,71,R,R,6/9/2013,9/28/2014
partccu01,1987,Curtis,Partch,240,77,R,R,6/9/2013,7/30/2014
alvarjo02,1989,Jose,Alvarez,180,71,L,L,6/9/2013,4/15/2014
colege01,1990,Gerrit,Cole,240,76,R,R,6/11/2013,9/28/2014
zuninmi01,1991,Mike,Zunino,220,74,R,R,6/12/2013,9/28/2014
withrch01,1989,Chris,Withrow,215,76,R,R,6/12/2013,5/20/2014
cumptbr01,1988,Brandon,Cumpton,220,74,R,R,6/15/2013,9/13/2014
gindlca01,1988,Caleb,Gindl,210,69,L,L,6/15/2013,5/11/2014
myerswi01,1990,Wil,Myers,205,75,R,R,6/18/2013,9/28/2014
wheelza01,1990,Zach,Wheeler,195,76,L,R,6/18/2013,9/25/2014
almonzo01,1989,Zoilo,Almonte,205,72,B,R,6/19/2013,7/30/2014
deckeja01,1990,Jaff,Decker,190,69,L,L,6/20/2013,7/13/2014
krausma01,1987,Marc,Krauss,245,74,L,R,6/21/2013,9/24/2014
spruize01,1989,Zeke,Spruill,190,77,B,R,6/21/2013,9/23/2014
dickeco01,1989,Corey,Dickerson,205,73,L,R,6/22/2013,9/24/2014
sanchto01,1988,Tony,Sanchez,225,71,R,R,6/23/2013,9/28/2014
millebr02,1989,Brad,Miller,200,74,L,R,6/28/2013,9/28/2014
gibsoky01,1987,Kyle,Gibson,220,78,R,R,6/29/2013,9/28/2014
diazjo02,1985,Jonathan,Diaz,155,69,R,R,6/29/2013,5/12/2014
jordata01,1989,Taylor,Jordan,200,77,R,R,6/29/2013,4/27/2014
dominjo01,1990,Jose,Dominguez,200,72,R,R,6/30/2013,5/2/2014
roech01,1986,Chaz,Roe,190,77,R,R,7/1/2013,9/12/2014
terdojo01,1988,Joey,Terdoslavich,200,74,B,R,7/4/2013,9/28/2014
phegljo01,1988,Josh,Phegley,225,70,R,R,7/5/2013,9/28/2014
greengr01,1987,Grant,Green,180,75,R,R,7/8/2013,9/28/2014
grayso01,1989,Sonny,Gray,195,71,R,R,7/10/2013,9/28/2014
garcilu03,1987,Luis,Garcia,210,74,R,R,7/10/2013,9/26/2014
workmbr01,1988,Brandon,Workman,225,77,R,R,7/10/2013,9/18/2014
salazda01,1990,Danny,Salazar,190,72,L,R,7/11/2013,9/23/2014
cosarja01,1990,Jarred,Cosart,195,75,R,R,7/12/2013,9/26/2014
germego01,1987,Gonzalez,Germen,200,73,R,R,7/12/2013,9/25/2014
delareu01,1990,Eury,De La Rosa,165,69,L,L,7/14/2013,9/26/2014
lakeju01,1990,Junior,Lake,215,75,R,R,7/19/2013,9/28/2014
villajo01,1991,Jonathan,Villar,205,73,B,R,7/22/2013,9/28/2014
marisja01,1991,Jake,Marisnick,225,76,R,R,7/23/2013,9/28/2014
yelicch01,1991,Christian,Yelich,200,75,L,R,7/23/2013,9/28/2014
wootero01,1985,Rob,Wooten,195,73,R,R,7/26/2013,9/14/2014
ascheco01,1990,Cody,Asche,200,73,L,R,7/30/2013,9/28/2014
zeidjo01,1987,Josh,Zeid,235,76,R,R,7/30/2013,7/24/2014
kiescro01,1987,Roger,Kieschnick,220,75,L,R,7/31/2013,8/7/2014
gosewtu01,1983,Tuffy,Gosewisch,200,71,R,R,8/1/2013,9/28/2014
bettich01,1989,Chad,Bettis,200,73,R,R,8/1/2013,7/28/2014
martiet01,1989,Ethan,Martin,220,74,R,R,8/2/2013,6/7/2014
watkilo01,1989,Logan,Watkins,195,71,L,R,8/4/2013,9/28/2014
florewi01,1991,Wilmer,Flores,205,75,R,R,8/6/2013,9/28/2014
roarkta01,1986,Tanner,Roark,230,74,R,R,8/7/2013,9/23/2014
butlejo04,1986,Joey,Butler,220,74,R,R,8/7/2013,5/18/2014
lamboan01,1988,Andrew,Lambo,225,75,L,L,8/13/2013,9/28/2014
pillake01,1989,Kevin,Pillar,205,72,R,R,8/14/2013,9/28/2014
gosseph01,1988,Philip,Gosselin,200,73,R,R,8/16/2013,9/28/2014
wongko01,1990,Kolten,Wong,185,69,L,R,8/16/2013,9/28/2014
darnatr01,1989,Travis,d'Arnaud,210,74,R,R,8/17/2013,9/23/2014
johnskr01,1984,Kris,Johnson,205,76,L,L,8/18/2013,7/21/2014
stassma01,1991,Max,Stassi,200,70,R,R,8/20/2013,9/28/2014
bogaexa01,1992,Xander,Bogaerts,210,73,R,R,8/20/2013,9/27/2014
goinsry01,1988,Ryan,Goins,185,70,L,R,8/23/2013,9/28/2014
chrisni01,1987,Nick,Christiani,190,72,R,R,8/23/2013,5/10/2014
holmbda01,1991,David,Holmberg,225,75,R,L,8/27/2013,9/25/2014
dendema01,1987,Matt,den Dekker,210,73,L,L,8/29/2013,9/28/2014
almonab01,1989,Abraham,Almonte,205,69,B,R,8/30/2013,9/20/2014
adducji02,1985,Jim,Adduci,210,74,L,L,9/1/2013,9/28/2014
casteni01,1992,Nick,Castellanos,210,76,R,R,9/1/2013,9/28/2014
pintojo01,1989,Josmil,Pinto,210,71,R,R,9/1/2013,9/28/2014
ramirjo01,1992,Jose,Ramirez,165,69,B,R,9/1/2013,9/28/2014
murphjr01,1991,J. R.,Murphy,195,71,R,R,9/2/2013,9/28/2014
choicmi01,1989,Michael,Choice,215,72,R,R,9/2/2013,9/14/2014
hamilbi02,1990,Billy,Hamilton,160,72,B,R,9/3/2013,9/24/2014
owingch01,1991,Chris,Owings,190,70,R,R,9/3/2013,9/23/2014
semiema01,1990,Marcus,Semien,195,73,R,R,9/4/2013,9/28/2014
pimenst01,1990,Stolmy,Pimentel,230,75,R,R,9/4/2013,9/24/2014
flynnbr01,1990,Brian,Flynn,250,79,L,L,9/4/2013,8/7/2014
johnser04,1989,Erik,Johnson,230,75,R,R,9/4/2013,4/25/2014
walteza01,1989,Zach,Walters,210,74,B,R,9/6/2013,9/28/2014
nelsoji02,1989,Jimmy,Nelson,245,78,R,R,9/6/2013,9/26/2014
paxtoja01,1988,James,Paxton,220,76,L,L,9/7/2013,9/27/2014
adriaeh01,1989,Ehire,Adrianza,170,73,B,R,9/8/2013,7/24/2014
ruppca01,1988,Cameron,Rupp,250,74,R,R,9/10/2013,9/16/2014
medicto01,1988,Tommy,Medica,205,75,R,R,9/11/2013,9/28/2014
haleda02,1987,David,Hale,210,74,R,R,9/13/2013,9/25/2014
perezau01,1988,Audry,Perez,230,69,R,R,9/15/2013,7/10/2014
ventuyo01,1991,Yordano,Ventura,180,72,R,R,9/17/2013,9/28/2014
centeju01,1989,Juan,Centeno,195,69,L,R,9/18/2013,9/28/2014
shoemma01,1986,Matt,Shoemaker,225,74,R,R,9/20/2013,9/15/2014
tovarwi01,1991,Wilfredo,Tovar,180,70,R,R,9/22/2013,9/28/2014
schoojo01,1991,Jonathan,Schoop,210,74,R,R,9/25/2013,9/28/2014
bethach01,1991,Christian,Bethancourt,205,74,R,R,9/29/2013,9/27/2014
kiermke01,1990,Kevin,Kiermaier,195,73,L,R,9/30/2013,9/28/2014
guerral01,1986,Alex,Guerrero,205,70,R,R,3/22/2014,9/28/2014
schulbo02,1985,Bo,Schultz,220,75,R,R,3/23/2014,8/5/2014
abreujo02,1987,Jose,Abreu,255,75,R,R,3/31/2014,9/27/2014
collity01,1990,Tyler,Collins,215,71,L,L,3/31/2014,9/27/2014
schlogu01,1988,Gus,Schlosser,225,76,R,R,3/31/2014,9/25/2014
romerst01,1988,Stefen,Romero,220,74,R,R,4/1/2014,9/28/2014
solarya01,1987,Yangervis,Solarte,195,71,B,R,4/2/2014,9/27/2014
nietoad01,1989,Adrian,Nieto,200,72,B,R,4/2/2014,9/26/2014
roachdo01,1989,Donn,Roach,195,72,R,R,4/2/2014,6/2/2014
barnhtu01,1991,Tucker,Barnhart,195,71,B,R,4/3/2014,9/26/2014
kahnlto01,1989,Tommy,Kahnle,230,73,R,R,4/3/2014,9/22/2014
eliasro01,1988,Roenis,Elias,190,73,L,L,4/3/2014,9/16/2014
tanakma01,1988,Masahiro,Tanaka,205,74,R,R,4/4/2014,9/27/2014
annade01,1986,Dean,Anna,180,71,L,R,4/4/2014,4/22/2014
martini01,1990,Nick,Martinez,175,73,L,R,4/5/2014,9/28/2014
treinbl01,1988,Blake,Treinen,215,77,R,R,4/12/2014,9/25/2014
souzast01,1989,Steven,Souza,225,76,R,R,4/13/2014,9/28/2014
bolsimi01,1988,Mike,Bolsinger,210,74,R,R,4/14/2014,7/11/2014
springe01,1989,George,Springer,205,75,R,R,4/16/2014,7/19/2014
jonesja06,1988,James,Jones,200,76,L,L,4/18/2014,9/28/2014
sardilu01,1993,Luis,Sardinas,150,73,B,R,4/20/2014,9/28/2014
peterja01,1990,Jace,Peterson,210,72,L,R,4/25/2014,8/17/2014
garcigr01,1989,Greg,Garcia,190,72,L,R,4/28/2014,9/28/2014
grichra01,1991,Randal,Grichuk,195,73,R,R,4/28/2014,9/28/2014
roberda09,1985,Dan,Robertson,170,68,R,R,4/29/2014,9/26/2014
inciaen01,1990,Ender,Inciarte,165,70,L,L,5/2/2014,9/28/2014
croncj01,1990,C. J.,Cron,235,76,R,R,5/3/2014,9/28/2014
santada01,1990,Danny,Santana,175,71,B,R,5/5/2014,9/28/2014
rayro02,1991,Robbie,Ray,195,74,L,L,5/6/2014,9/27/2014
josepca01,1986,Caleb,Joseph,180,75,R,R,5/7/2014,9/27/2014
odorro01,1994,Rougned,Odor,170,71,L,R,5/8/2014,9/28/2014
campber01,1987,Eric,Campbell,205,75,R,R,5/10/2014,9/28/2014
anderch01,1987,Chase,Anderson,190,72,R,R,5/11/2014,9/19/2014
desclan01,1990,Anthony,DeSclafani,190,73,R,R,5/14/2014,9/27/2014
montera01,1990,Rafael,Montero,185,72,R,R,5/14/2014,9/27/2014
aguilje01,1990,Jesus,Aguilar,250,75,R,R,5/15/2014,9/28/2014
whitlch01,1989,Chase,Whitley,215,75,R,R,5/15/2014,9/27/2014
degroja01,1988,Jacob,deGrom,180,76,L,R,5/15/2014,9/21/2014
figueco01,1987,Cole,Figueroa,175,70,L,R,5/16/2014,8/12/2014
housetj01,1989,T. J.,House,205,73,R,L,5/17/2014,9/28/2014
duffyma01,1991,Matt,Duffy,170,74,R,R,5/22/2014,9/28/2014
panikjo01,1990,Joe,Panik,190,73,L,R,5/22/2014,9/28/2014
paulsbe01,1987,Ben,Paulsen,205,76,L,R,5/22/2014,9/28/2014
susacan01,1990,Andrew,Susac,215,73,R,R,5/22/2014,9/28/2014
brownbr02,1985,Brooks,Brown,205,75,L,R,5/22/2014,9/27/2014
arrueer01,1990,Erisbel,Arruebarrena,200,72,R,R,5/23/2014,9/28/2014
buchada01,1989,David,Buchanan,200,75,R,R,5/24/2014,9/25/2014
lasteto01,1989,Tommy,La Stella,185,71,L,R,5/28/2014,9/28/2014
romakja01,1985,Jamie,Romak,226,75,R,R,5/28/2014,6/24/2014
taveros01,1992,Oscar,Taveras,200,74,L,L,5/31/2014,9/28/2014
cecchga01,1991,Garin,Cecchini,220,75,L,R,6/1/2014,9/28/2014
peralda01,1987,David,Peralta,215,74,L,L,6/1/2014,9/28/2014
hassaal01,1988,Alex,Hassan,220,75,R,R,6/1/2014,8/20/2014
singljo02,1991,Jon,Singleton,255,74,L,L,6/3/2014,9/28/2014
hahnje01,1989,Jesse,Hahn,190,77,R,R,6/3/2014,9/6/2014
suareeu01,1991,Eugenio,Suarez,180,71,R,R,6/4/2014,9/27/2014
bourju01,1988,Justin,Bour,250,76,L,R,6/5/2014,9/28/2014
realmjt01,1991,J. T.,Realmuto,215,73,R,R,6/5/2014,9/28/2014
rojasmi02,1989,Miguel,Rojas,150,72,R,R,6/6/2014,9/28/2014
butleed01,1991,Eddie,Butler,180,74,R,R,6/6/2014,9/27/2014
bergmch01,1988,Christian,Bergman,180,73,R,R,6/9/2014,9/28/2014
polangr01,1991,Gregory,Polanco,220,76,L,L,6/10/2014,9/28/2014
matzety01,1990,Tyler,Matzek,210,75,L,L,6/11/2014,9/22/2014
greenni02,1987,Nick,Greenwood,180,73,R,L,6/16/2014,9/28/2014
parkeky01,1989,Kyle,Parker,205,72,R,R,6/16/2014,9/28/2014
altheaa01,1991,Aaron,Altherr,220,77,R,R,6/16/2014,7/3/2014
heanean01,1991,Andrew,Heaney,185,74,L,L,6/19/2014,9/26/2014
goebbja01,1987,Jake,Goebbert,205,72,L,L,6/20/2014,9/27/2014
buchaja01,1989,Jake,Buchanan,235,72,R,R,6/21/2014,9/27/2014
contrca01,1991,Carlos,Contreras,205,71,R,R,6/21/2014,9/14/2014
despaod01,1987,Odrisamer,Despaigne,195,72,R,R,6/23/2014,9/19/2014
gonzama02,1992,Marco,Gonzales,195,73,L,L,6/25/2014,9/28/2014
hillta01,1989,Taylor,Hill,235,75,R,R,6/25/2014,9/26/2014
flandyo01,1986,Yohan,Flande,180,74,L,L,6/25/2014,9/24/2014
duvalad01,1988,Adam,Duvall,205,73,R,R,6/26/2014,9/28/2014
polanjo01,1993,Jorge,Polanco,165,71,B,R,6/26/2014,7/25/2014
glennbr01,1987,Brad,Glenn,220,74,R,R,6/27/2014,7/5/2014
beeleda01,1989,Dallas,Beeler,210,77,R,R,6/28/2014,7/9/2014
ahmedni01,1990,Nick,Ahmed,205,75,R,R,6/29/2014,9/28/2014
bettsmo01,1992,Mookie,Betts,155,69,R,R,6/29/2014,9/28/2014
colonch01,1989,Christian,Colon,190,70,R,R,7/1/2014,9/28/2014
hernaen02,1991,Enrique,Hernandez,170,71,R,R,7/1/2014,9/27/2014
santado01,1992,Domingo,Santana,225,77,R,R,7/1/2014,8/11/2014
wheelze01,1987,Zelous,Wheeler,220,70,R,R,7/3/2014,9/26/2014
belnovi01,1988,Vince,Belnome,205,71,L,R,7/3/2014,8/19/2014
holtty01,1989,Tyler,Holt,190,70,R,R,7/6/2014,9/28/2014
smolija01,1989,Jake,Smolinski,215,71,R,R,7/7/2014,9/28/2014
wadats01,1981,Tsuyoshi,Wada,180,71,L,L,7/8/2014,9/27/2014
alcanar01,1991,Arismendy,Alcantara,170,70,B,R,7/9/2014,9/28/2014
vazquch01,1990,Christian,Vazquez,195,69,R,R,7/9/2014,9/27/2014
perezro02,1988,Roberto,Perez,225,71,R,R,7/10/2014,9/28/2014
hendrky01,1989,Kyle,Hendricks,190,75,R,R,7/10/2014,9/23/2014
sanchca01,1992,Carlos,Sanchez,195,71,B,R,7/13/2014,9/28/2014
casalcu01,1988,Curt,Casali,225,74,R,R,7/18/2014,9/24/2014
tayloch03,1990,Chris,Taylor,190,73,R,R,7/24/2014,9/28/2014
burnsbi02,1989,Billy,Burns,180,69,B,R,7/28/2014,9/28/2014
adamecr01,1991,Cristhian,Adames,180,72,B,R,7/29/2014,9/27/2014
vargake01,1990,Kennys,Vargas,275,77,B,R,8/1/2014,9/28/2014
ranauan01,1989,Anthony,Ranaudo,230,79,R,R,8/1/2014,9/24/2014
friasca01,1989,Carlos,Frias,170,76,R,R,8/4/2014,9/27/2014
baezja01,1992,Javier,Baez,190,72,R,R,8/5/2014,9/28/2014
lambja01,1990,Jake,Lamb,220,75,L,R,8/7/2014,9/28/2014
butleda01,1986,Dan,Butler,210,70,R,R,8/10/2014,9/28/2014
liriary01,1991,Rymer,Liriano,230,72,R,R,8/11/2014,9/28/2014
taylomi02,1991,Michael,Taylor,210,75,R,R,8/12/2014,9/28/2014
chafian01,1990,Andrew,Chafin,220,74,R,L,8/13/2014,9/23/2014
szczuma01,1989,Matt,Szczur,195,73,R,R,8/17/2014,9/27/2014
telisto01,1991,Tomas,Telis,200,68,B,R,8/25/2014,9/28/2014
corcida01,1990,Daniel,Corcino,210,71,R,R,8/26/2014,9/24/2014
solerjo01,1992,Jorge,Soler,215,76,R,R,8/27/2014,9/28/2014
willija01,1986,Jackson,Williams,200,71,R,R,8/27/2014,9/19/2014
ruary01,1990,Ryan,Rua,205,74,R,R,8/29/2014,9/28/2014
riverca02,1988,Carlos,Rivero,200,75,R,R,8/29/2014,9/27/2014
herredi01,1994,Dilson,Herrera,150,70,R,R,8/29/2014,9/20/2014
gorete01,1991,Terrance,Gore,165,67,R,R,8/31/2014,9/28/2014
wilkian01,1988,Andy,Wilkins,220,73,L,R,8/31/2014,9/28/2014
adamsla01,1989,Lane,Adams,190,76,R,R,9/1/2014,9/28/2014
garciyi01,1990,Yimi,Garcia,175,73,R,R,9/1/2014,9/28/2014
pederjo01,1992,Joc,Pederson,185,73,L,L,9/1/2014,9/28/2014
spangco01,1991,Cory,Spangenberg,195,72,L,R,9/1/2014,9/28/2014
ynoara01,1987,Rafael,Ynoa,185,72,B,R,9/1/2014,9/28/2014
mccanja02,1990,James,McCann,210,74,R,R,9/1/2014,9/27/2014
moyast01,1991,Steven,Moya,230,78,L,R,9/1/2014,9/27/2014
clarkma02,1986,Matt,Clark,230,77,L,R,9/2/2014,9/28/2014
francma02,1992,Maikel,Franco,180,73,R,R,9/2/2014,9/28/2014
pompeda01,1992,Dalton,Pompey,195,74,B,R,9/2/2014,9/28/2014
lopezra02,1987,Rafael,Lopez,190,69,L,R,9/2/2014,9/26/2014
rogerja02,1988,Jason,Rogers,245,74,R,R,9/2/2014,9/26/2014
brownga02,1988,Gary,Brown,190,73,R,R,9/3/2014,9/28/2014
dominch01,1986,Chris,Dominguez,235,76,R,R,9/3/2014,9/27/2014
rodriyo01,1992,Yorman,Rodriguez,195,75,R,R,9/4/2014,9/28/2014
scrugxa01,1987,Xavier,Scruggs,220,73,R,R,9/4/2014,9/28/2014
omallsh01,1987,Shawn,O'Malley,165,71,B,R,9/7/2014,9/28/2014
jokiser01,1989,Eric,Jokisch,185,74,R,L,9/7/2014,9/26/2014
phamth01,1988,Tommy,Pham,175,73,R,R,9/9/2014,9/28/2014
rodrigu02,1983,Guilder,Rodriguez,190,73,B,R,9/9/2014,9/23/2014
tropeni01,1990,Nick,Tropeano,200,76,R,R,9/10/2014,9/28/2014
hestoch01,1988,Chris,Heston,195,75,R,R,9/13/2014,9/28/2014
brentbr01,1988,Bryce,Brentz,210,72,R,R,9/17/2014,9/28/2014
castiru01,1987,Rusney,Castillo,186,68,R,R,9/17/2014,9/28/2014
walkech02,1991,Christian,Walker,220,72,R,R,9/17/2014,9/27/2014
pireljo01,1989,Jose,Pirela,210,71,R,R,9/22/2014,9/28/2014